,wt_light_mean_rpm,wt_dark_mean_rpm,log2_FC,-log10_pval,protein_ID,common_name,product
gene-PA14_00230,1.9732173476356263,4.397772882202277,-1.1562228181664578,2.2153093123607954,cds-ABJ14977.1,smf,putative Rossmann fold nucleotide-binding protein
gene-PA14_00470,424.2043220733431,147.7246618931758,1.5218486167381768,2.9008716541109747,cds-ABJ14995.1,PA14_00470,conserved hypothetical protein
gene-PA14_00480,1079.4849921020596,341.9367059192955,1.6585419777037331,2.675557039248699,cds-ABJ14996.1,PA14_00480,conserved hypothetical protein
gene-PA14_00650,30.552253132148923,78.84083180836386,-1.3676641903083184,1.8027990212213532,cds-ABJ15010.1,PA14_00650,conserved hypothetical protein
gene-PA14_00710,388.05541047721687,105.39295108319747,1.8804842801563215,4.348143791757796,cds-ABJ15016.1,osmC,osmotically inducible protein OsmC
gene-PA14_00740,28.998302018772602,13.755290245526838,1.07598178916338,3.0362310740048444,cds-ABJ15019.1,PA14_00740,putative lipoprotein
gene-PA14_01270,15.382953110695595,7.326270906695727,1.0701814301978088,1.9341325698214895,cds-ABJ15061.1,PA14_01270,conserved hypothetical protein
gene-PA14_01290,13.55787739560096,28.31427773680743,-1.0623983434555053,3.5422626370623664,cds-ABJ15062.1,coxB,cytochrome c oxidase%2C subunit II
gene-PA14_01330,33.72963075602252,105.33122790890809,-1.642844761118404,3.5162822930378534,cds-ABJ15066.1,PA14_01330,conserved hypothetical protein
gene-PA14_01730,428.7226592305298,1313.499988310414,-1.6152996104695767,2.996556401675999,cds-ABJ15097.1,PA14_01730,conserved hypothetical protein
gene-PA14_02370,0.6367663310357323,1.3819590441403105,-1.1178776704372508,1.6237886741437353,cds-ABJ15144.1,PA14_02370,putative outer membrane porin
gene-PA14_02520,88.85426115085004,198.29218659033904,-1.1581149525928145,2.5959454653365643,cds-ABJ15155.1,PA14_02520,conserved hypothetical protein
gene-PA14_02530,39.28445219727075,79.96767565283562,-1.0254584933437223,1.5729085240965097,cds-ABJ15156.1,PA14_02530,putative esterase
gene-PA14_02550,9.869114156655662,39.0585318113235,-1.9846451096761395,2.1425562092983044,cds-ABJ15157.1,mdcA,malonate decarboxylase alpha subunit
gene-PA14_02560,1.4660847396653784,5.435604074182208,-1.890471158169811,2.3810757060087675,cds-ABJ15158.1,mdcB,putative Triphosphoribosyl-dephospho-CoA synthetase
gene-PA14_02570,0.7581544322052086,1.8244075781347144,-1.2668632956497607,2.475268272491722,cds-ABJ15159.1,mdcC,malonate decarboxylase delta subunit
gene-PA14_02810,104.28363032980087,33.499389915290095,1.6383059558280855,3.018431570691719,cds-ABJ15178.1,pcaT,dicarboxylic acid transporter PcaT
gene-PA14_03590,3.720961112673089,9.249704763670426,-1.3137317714363972,4.513443435425647,cds-ABJ15239.1,PA14_03590,putative membrane protein
gene-PA14_03610,8.857004094388088,19.046811861618767,-1.1046587547440239,2.5232138348697144,cds-ABJ15240.1,ycaL,putative putative Zn-dependent protease with chaperone function
gene-PA14_03855,99.16339655849276,251.47212882860003,-1.3425189104000936,2.478947631308364,cds-ABJ15639.1,PA14_03855,probable periplasmic polyamine binding protein
gene-PA14_04650,214.06985583669154,67.8759599158147,1.6571090418136503,3.6276847267083263,cds-ABJ15319.1,pfpI,protease PfpI
gene-PA14_04690,32.654971957734205,65.57899732644837,-1.0059311520743455,3.0359015701489613,cds-ABJ15323.1,PA14_04690,conserved hypothetical protein
gene-PA14_05270,88.68733530618061,214.6928273913472,-1.2754739786452318,2.909013232568675,cds-ABJ15370.1,pyrR,transcriptional regulator PyrR
gene-PA14_05520,6.3800793486407334,22.738338111735334,-1.8334803794820793,1.3099578805609897,cds-ABJ15391.1,mexR,multidrug resistance operon repressor MexR
gene-PA14_05880,18.60925348230336,56.981489120462186,-1.6144730898882915,2.6092324254705614,cds-ABJ15416.1,nfeD,putative membrane-bound protease
gene-PA14_06000,1133.5463418510972,2292.0456974115427,-1.0157924344997724,1.8471624833043934,cds-ABJ15424.1,clpA,putative ClpA/B protease ATP binding subunit
gene-PA14_06300,25.35422932085079,54.50271198900442,-1.1041015655810522,2.604945995464978,cds-ABJ15448.1,PA14_06300,putative acetyltransferase%2C GNAT family
gene-PA14_06310,99.15489688088742,211.4658329329063,-1.0926686460145052,2.96229554032687,cds-ABJ15449.1,PA14_06310,putative ACT domain protein
gene-PA14_06390,77.1090396683377,35.93113450829343,1.101665490441148,2.3711407922945527,cds-ABJ15455.1,PA14_06390,conserved hypothetical protein
gene-PA14_06430,4.796149311539107,1.8260789060962879,1.3931269739382828,1.772482035121336,cds-ABJ15458.1,PA14_06430,putative biotin-requiring enzyme
gene-PA14_06600,729.7641083835538,1461.7521410484621,-1.002196601013051,3.5586383047998966,cds-ABJ15468.1,PA14_06600,putative acyl-CoA dehydrogenase
gene-PA14_06650,18.24513117954234,39.51662064828521,-1.1149480103844025,1.3964517726285188,cds-ABJ15471.1,nirN,putative c-type cytochrome
gene-PA14_06670,12.45951550333369,42.15239469873586,-1.7583665423617754,1.646215958580355,cds-ABJ15473.1,nirJ,heme d1 biosynthesis protein NirJ
gene-PA14_06680,7.505129919916453,18.9627387982107,-1.3372182801937333,1.7212133148546767,cds-ABJ15474.1,nirH,heme d1 biosynthesis protein NirH
gene-PA14_06690,4.915923717434425,15.30510054024383,-1.638477887524903,1.8852033909827013,cds-ABJ15475.1,nirG,heme d1 biosynthesis protein NirG
gene-PA14_06700,6.322913784948585,19.484024304948374,-1.6236300797240888,1.634331412178279,cds-ABJ15476.1,nirL,heme d1 biosynthesis protein NirL
gene-PA14_06710,7.336341551797244,22.965413507787726,-1.6463299138817642,2.5147080401441673,cds-ABJ15477.1,nirD,heme d1 biosynthesis protein NirD
gene-PA14_06720,26.230442389629165,81.55826599916018,-1.636588925573492,2.390985828589513,cds-ABJ15478.1,nirF,heme d1 biosynthesis protein NirF
gene-PA14_06730,5.963037899479896,23.646958010245154,-1.9875350110954901,3.165635242775775,cds-ABJ15479.1,nirC,putative c-type cytochrome precursor
gene-PA14_06740,16.982920115519107,52.6888982421772,-1.6334144110962932,2.53738195122351,cds-ABJ15480.1,nirM,cytochrome c-551 precursor
gene-PA14_06750,159.9040359692614,534.2842642991005,-1.7404011684529828,2.992152964179223,cds-ABJ15481.1,nirS,nitrite reductase precursor
gene-PA14_06770,28.00570706304497,56.354510895736404,-1.008810216818878,2.349313242198226,cds-ABJ15482.1,nirQ,regulatory protein NirQ
gene-PA14_06790,3.33742240913841,9.200951052333691,-1.4630484188520674,2.33110513928619,cds-ABJ15483.1,nirO,cytochrome c oxidase subunit
gene-PA14_06800,0.5576350179392146,2.0949403193600435,-1.9095141680611074,2.208325370907408,cds-ABJ15484.1,PA14_06800,hypothetical protein
gene-PA14_06810,1.991649035876473,4.806961397927098,-1.27116134991919,1.9852593344210199,cds-ABJ15485.1,norC,nitric-oxide reductase subunit C
gene-PA14_06840,3.7661949836840876,8.398225631179386,-1.1569766431013229,2.5396277920824453,cds-ABJ15487.1,norD,putative dinitrification protein NorD
gene-PA14_06860,16.164362049151297,46.050693921701594,-1.5104062671951868,1.773691723930927,cds-ABJ15488.1,PA14_06860,hypothetical protein
gene-PA14_06870,216.4560525907359,571.3908591879338,-1.4004038107483177,2.295678152098451,cds-ABJ15489.1,dnr,transcriptional regulator Dnr
gene-PA14_06890,21.583235500381637,118.93935436731242,-2.4622430367501096,2.9714197305594725,cds-ABJ15491.1,PA14_06890,putative sulfurase
gene-PA14_06900,1.2684922602458286,11.02493388757116,-3.1195823697706917,2.3700486272966637,cds-ABJ15492.1,PA14_06900,hypothetical protein
gene-PA14_06920,8.833668212944664,46.309645782429165,-2.3902280372758904,2.609444640253079,cds-ABJ15493.1,argD,class III pyridoxal phosphate-dependent aminotransferase
gene-PA14_06930,2.8774620247095117,19.827473092021624,-2.784631600361285,2.969808628761039,cds-ABJ15494.1,PA14_06930,putative glutamine amidotransferase
gene-PA14_06940,0.784991932189706,20.591694650948696,-4.713239149578283,1.7463462565327166,cds-ABJ15495.1,PA14_06940,hypothetical protein
gene-PA14_07210,185.3497419330914,76.49274716558897,1.276855228332802,2.1724654826286103,cds-ABJ15517.1,PA14_07210,conserved hypothetical protein
gene-PA14_07370,289.98370137759554,57.192263238259045,2.342079892257438,3.861082062144333,cds-ABJ15529.1,PA14_07370,conserved hypothetical protein
gene-PA14_07630,11.370812923283964,24.379221557799493,-1.1003165932899939,2.4857361358836183,cds-ABJ15549.1,PA14_07630,hypothetical protein
gene-PA14_07970,20.86771165859403,6.7078218718301414,1.6373559738516517,2.6293343868348154,cds-ABJ15576.1,PA14_07970,putative zinc finger protein
gene-PA14_07980,57.72815363202082,15.422967921470311,1.9041945969365286,3.283750050821844,cds-ABJ15577.1,PA14_07980,conserved hypothetical protein
gene-PA14_07990,75.6876544247835,15.027590601310616,2.332444202806171,3.6761879954335117,cds-ABJ15578.1,hol,putative holin
gene-PA14_08000,268.6392765659746,60.110411692703984,2.159983425388452,4.177135077563315,cds-ABJ15579.1,PA14_08000,conserved hypothetical protein
gene-PA14_08010,168.51164398430143,44.22469541008875,1.929924147656854,3.484995225466861,cds-ABJ15580.1,gpV,putative baseplate assembly protein V
gene-PA14_08020,207.7787631531755,46.015039217585716,2.1748708176763034,3.2774507254592677,cds-ABJ15581.1,gpW,putative baseplate assembly protein W
gene-PA14_08030,598.2959852851252,115.21034366388682,2.3765891232597958,3.562727636449493,cds-ABJ15582.1,PA14_08030,putative phage baseplate assembly protein
gene-PA14_08040,295.1183755287048,76.06660558714297,1.9559586062646668,3.400724247618192,cds-ABJ15583.1,gpI,putative phage tail protein
gene-PA14_08050,1348.8105172094818,310.9425916567336,2.1169675372578602,3.692160101889393,cds-ABJ15584.1,PA14_08050,putative tail fiber protein
gene-PA14_08060,151.9278577982213,45.293253068255034,1.7460183410861128,3.2682235464648506,cds-ABJ15585.1,PA14_08060,putative tail fiber assembly protein
gene-PA14_08070,869.1998361128702,311.341244769189,1.4811911897656722,2.5564797357544964,cds-ABJ15586.1,gpFI,putative phage tail sheath protein
gene-PA14_08090,408.85424764064715,115.14302033526751,1.8281596582956468,3.349724271868755,cds-ABJ15587.1,gpFII,putative phage tail tube protein
gene-PA14_08100,234.0943610453569,77.86587872749286,1.5880269955605635,2.7613927622448085,cds-ABJ15588.1,PA14_08100,conserved hypothetical protein
gene-PA14_08110,17.902469447310818,5.835518811469082,1.6172256066123123,2.2233652558526633,cds-ABJ15589.1,PA14_08110,hypothetical protein
gene-PA14_08120,1873.0482617856794,407.7839178696492,2.1995112856246055,3.5682666975670854,cds-ABJ15590.1,PA14_08120,putative tail length determinator protein
gene-PA14_08130,445.7307812980668,110.18894070524031,2.0161931514688143,3.603890292392075,cds-ABJ15591.1,gpU,putative tail formation protein
gene-PA14_08140,50.24830093946406,12.1434958127463,2.048890926500627,3.6479243192904622,cds-ABJ15592.1,XR2,putative phage protein X
gene-PA14_08150,612.6258110104836,114.40174263280171,2.4208971129538495,4.0671501353195465,cds-ABJ15593.1,gpD,putative phage late control gene D protein
gene-PA14_08160,156.08966716863924,41.46882172823089,1.9122760501577534,2.6810615043512214,cds-ABJ15594.1,lys,putative lytic enzyme
gene-PA14_08180,102.40873417439006,29.636986150589298,1.7888680800525047,2.696144881623968,cds-ABJ15595.1,PA14_08180,hypothetical protein
gene-PA14_08190,58.83774858717882,13.727109512402448,2.0997140898615125,2.9940589161181728,cds-ABJ15596.1,PA14_08190,hypothetical protein
gene-PA14_08200,50.27695860287867,13.132087082051983,1.9368010760505612,3.4825721248698036,cds-ABJ15597.1,PA14_08200,hypothetical protein
gene-PA14_08210,425.43817899824984,109.12864642270343,1.9629196364196353,3.397635904280854,cds-ABJ15598.1,PA14_08210,putative major tail protein V
gene-PA14_08220,231.02240429570392,61.3591604309813,1.9126821041196598,2.9983439958191855,cds-ABJ15599.1,PA14_08220,hypothetical protein
gene-PA14_08230,182.52395722160955,50.35187325091925,1.8579684595737362,2.892970761468119,cds-ABJ15600.1,PA14_08230,hypothetical protein
gene-PA14_08240,883.7899529084985,187.51845380628512,2.236670945157555,3.6553154901353637,cds-ABJ15601.1,PA14_08240,putative tail length determination protein
gene-PA14_08250,228.99812067326934,44.3562289457669,2.3681271106168573,3.35911582838781,cds-ABJ15602.1,PA14_08250,putative phage minor tail protein
gene-PA14_08260,238.35690054691202,66.26836131668539,1.8467312268892284,2.690644491469703,cds-ABJ15603.1,PA14_08260,putative minor tail protein L
gene-PA14_08270,323.3481345085066,87.64655801244375,1.8833189341879315,3.072418506512822,cds-ABJ15604.1,PA14_08270,conserved hypothetical protein
gene-PA14_08280,378.7494054018186,70.61901665355106,2.4231149696781245,3.445464303943978,cds-ABJ15605.1,PA14_08280,putative phage tail assembly protein
gene-PA14_08300,1156.4118404057363,289.9302695098925,1.9958774142198066,3.450091856667138,cds-ABJ15606.1,JF1,putative phage-related protein%2C tail component
gene-PA14_08310,470.29196834048275,146.6332659648137,1.6813442495037862,3.3108043085341508,cds-ABJ15607.1,PA14_08310,conserved hypothetical protein
gene-PA14_08320,350.93149731117063,113.15061328393217,1.6329450275786854,3.285835048792893,cds-ABJ15608.1,PA14_08320,conserved hypothetical protein
gene-PA14_08330,64.49638066937916,22.94039360858973,1.4913280174396917,2.9182767714613016,cds-ABJ15609.1,PA14_08330,hypothetical protein
gene-PA14_08660,50.1273253417588,21.377204933788253,1.2295239856863096,2.0446293026811317,,,
gene-PA14_08670,30.99816692106663,11.077509774449146,1.4845492201031767,1.9333604578926322,,,
gene-PA14_08990,1340.5673506535823,614.1770639802439,1.1261171594720465,4.220526337579706,cds-ABJ13520.1,rpsH,30S ribosomal protein S8
gene-PA14_09420,803.3850033974526,1664.0899074002853,-1.0505699442431848,1.8866226085999036,cds-ABJ13488.1,phzF1,probable phenazine biosynthesis protein
gene-PA14_09450,772.9086599592156,1774.7501767008125,-1.199246120463491,1.844661116025536,cds-ABJ13486.1,phzD1,phenazine biosynthesis protein PhzD
gene-PA14_09530,210.8283559390386,436.9221903115147,-1.0513074561101268,2.072430678126961,cds-ABJ13479.1,mexH,RND efflux membrane fusion protein precursor
gene-PA14_09540,186.93851092090983,386.6097160104541,-1.04831408368474,1.9927494745861167,cds-ABJ13478.1,mexG,putative membrane protein
gene-PA14_09550,247.90451121746523,119.73813306343202,1.0499018374196112,2.199327001549003,cds-ABJ13477.1,PA14_09550,putative 3-carboxymuconate cyclase
gene-PA14_09930,56.889885666070626,9.747482720370055,2.5450704609349746,4.066141261164004,cds-ABJ13450.1,PA14_09930,putative exonuclease III
gene-PA14_09940,114.5836041736665,15.46837219120313,2.8890072533323337,4.899496030342066,cds-ABJ13449.1,pfpI,putative protease
gene-PA14_10910,1.8510398535474293,5.434324215344502,-1.553764165803217,1.8923915011933758,cds-ABJ13371.1,phlE,putative major facilitator family transporter
gene-PA14_11660,7.257060789617323,137.41468705199006,-4.243006854718748,1.3597221177377574,cds-ABJ13307.1,aqpZ,aquaporin Z
gene-PA14_11670,1.516977568532799,55.58847753309695,-5.195513281103654,1.312774938959143,cds-ABJ13306.1,PA14_11670,hypothetical protein
gene-PA14_11740,31.85842869994703,74.72210695707624,-1.2298599965149593,3.41429169089924,cds-ABJ13300.1,PA14_11740,conserved hypothetical protein
gene-PA14_11990,2.8487433787151133,6.6448949805838025,-1.2219204411548426,1.9932150115819365,cds-ABJ13282.1,PA14_11990,possible hydrolase
gene-PA14_12370,93.466603423649,202.69133199416117,-1.11676151308742,1.7338981388757102,cds-ABJ13253.1,PA14_12370,hypothetical protein
gene-PA14_12440,9.319727447756456,28.651994852873557,-1.620275813397557,3.3710533891538192,cds-ABJ13249.1,PA14_12440,possible transcriptional regulator acrR family
gene-PA14_12450,47.99331661661878,104.91443947279674,-1.1283078144316192,3.4974989816884405,cds-ABJ13248.1,PA14_12450,possible acyl-CoA dehydrogenase
gene-PA14_12740,96.43162491550099,45.24741334626168,1.0916710211480107,2.7755614673449602,cds-ABJ13228.1,PA14_12740,conserved hypothetical protein
gene-PA14_13210,10.392006229797282,23.46858003015708,-1.1752562754195652,1.9717699248545197,cds-ABJ13193.1,PA14_13210,hypothetical protein
gene-PA14_13220,4.369185156656162,9.560632913676564,-1.1297417019252576,2.4103421567087926,cds-ABJ13192.1,PA14_13220,possible protein-tyrosine-phosphatase
gene-PA14_13260,5.767692502242542,14.361268075067505,-1.316116835482325,1.6670216357955374,cds-ABJ13188.1,moaB1,MoaB1
gene-PA14_13290,55.3436542487516,157.57784443351707,-1.5095748770560802,2.2399143369402372,cds-ABJ13186.1,PA14_13290,putative protease
gene-PA14_13300,47.60398569477196,150.7726323580956,-1.663220284406814,2.390042624830611,cds-ABJ13185.1,PA14_13300,putative peptidase
gene-PA14_13320,26.627846078141022,85.19409673704155,-1.6778176954000676,2.610553624970517,cds-ABJ13184.1,PA14_13320,Putative lipid carrier protein
gene-PA14_13580,577.6569593561011,172.009408063342,1.7477255236225546,2.33713193586717,cds-ABJ13164.1,PA14_13580,putative ABC-type proline/glycine betaine transpor
gene-PA14_13590,183.82733475154387,72.90651370959891,1.3342316758064243,2.214256881816018,cds-ABJ13163.1,PA14_13590,putative permease of ABC-type transporter
gene-PA14_13600,281.5183026618128,118.70252798095288,1.2458780537568632,1.9901130567682277,cds-ABJ13162.1,PA14_13600,putative binding protein component of ABC transpor
gene-PA14_13610,120.55690440594446,60.26751312343856,1.0002618259297154,1.6152067399249599,cds-ABJ13161.1,PA14_13610,putative permease component of an ABC-type transpo
gene-PA14_13630,29.376222362229257,13.256829672803946,1.1479130233118933,3.13531302999816,cds-ABJ13159.1,PA14_13630,hypothetical protein
gene-PA14_13720,100.68115150281683,303.8944535612756,-1.5937767125527516,2.724085653743322,cds-ABJ13152.1,PA14_13720,conserved hypothetical protein
gene-PA14_13730,36.56358982397412,146.85612040725755,-2.0059237364787443,2.6915950645489346,cds-ABJ13151.1,narL,putative nitrate/nitrite response regulator%3B NarL
gene-PA14_13740,50.61754468504146,137.93626892894096,-1.4462923972849844,2.1671639025220606,cds-ABJ13150.1,narX,putative nitrate/nitrite sensor protein%3B NarX
gene-PA14_13750,2.080797576624427,57.67938262936874,-4.792846520941241,1.646956630618181,cds-ABJ13149.1,narK1,putative nitrite extrusion protein
gene-PA14_13770,2.2607280570581723,25.595233871202662,-3.50101523736857,1.9627716722127568,cds-ABJ13148.1,narK2,nitrite extrusion protein
gene-PA14_13780,11.810317393858094,30.039183117555336,-1.3467977696310212,2.7352800361242338,cds-ABJ13147.1,narG,putative respiratory nitrate reductase alpha subun
gene-PA14_14360,47.32587381153612,155.07619459602472,-1.712276168326923,2.7889641729413537,cds-ABJ13105.1,PA14_14360,putative sodium/sulphate transporter
gene-PA14_14540,18.971018167436323,6.602671666860876,1.5226751548774144,2.0355700629014644,cds-ABJ13088.1,PA14_14540,hypothetical protein
gene-PA14_14550,414.453234171877,146.62653243338823,1.4990631282120725,2.644277027374253,cds-ABJ13087.1,PA14_14550,hypothetical protein
gene-PA14_14610,184.7133031667856,89.84280157008386,1.0398129444107722,2.6623068931750344,cds-ABJ13083.1,yajC,putative preprotein translocase
gene-PA14_14990,495.80476769683486,186.24764659472226,1.4125499437407816,2.6930629949810174,cds-ABJ13057.1,mocA,putative oxidoreductase
gene-PA14_15190,12.077504214211976,5.291388480382074,1.1906039562299287,2.1799091917958404,cds-ABJ13041.1,PA14_15190,putative TRAP-type C4-dicarboxylate transport protein
gene-PA14_15475,10.234173115776377,4.98697762012608,1.0371567594563167,3.195700466525574,cds-ABJ15636.1,merT,Mercuric transport protein MerT
gene-PA14_15530,1.521301210062937,3.617462372642091,-1.249671629739127,1.4105449248772277,cds-ABJ13015.1,trbK,possible entry/exclusion protein TrbK
gene-PA14_15670,72.47018463872264,156.64359700314375,-1.1120263131187162,2.345043777717645,cds-ABJ13003.1,cumA,putative multicopper oxidase
gene-PA14_15710,10.329480479809733,23.45418206297212,-1.183077414941369,2.0526581078121984,cds-ABJ13000.1,PA14_15710,conserved hypothetical protein
gene-PA14_15990,485.35951201120844,230.14994283763141,1.0764796784173518,3.0380174941301377,cds-ABJ12977.1,trmD,tRNA (guanine-N1)-methyltransferase
gene-PA14_16030,384.5185174590736,124.56543097543154,1.6261493170904964,2.1824096076019757,cds-ABJ12973.1,PA14_16030,putative sodium/hydrogen exchanger
gene-PA14_16100,10.367054153383592,26.310391511383546,-1.3436266279191018,2.6100297093490927,cds-ABJ12968.1,PA14_16100,conserved hypothetical protein
gene-PA14_16110,40.234673231858686,15.33749524374363,1.391376360738378,4.186219512391266,cds-ABJ12967.1,PA14_16110,conserved hypothetical protein
gene-PA14_16280,37.326155862711516,146.90995576173432,-1.9766732969661753,3.8071800796704824,cds-ABJ12954.1,PA14_16280,putative transciptional regulator
gene-PA14_16290,123.98934580014576,370.3200444683359,-1.5785564756593995,1.7290768891676627,cds-ABJ12953.1,PA14_16290,conserved hypothetical protein
gene-PA14_16300,4.909394774139769,26.88074512970533,-2.4529558017758095,3.2344794288284326,cds-ABJ12952.1,PA14_16300,hypothetical protein
gene-PA14_16310,8.411852316000974,23.583969096309193,-1.487311001546994,1.9875101523227054,cds-ABJ12951.1,PA14_16310,putative MFS permease
gene-PA14_16630,5158.226925494514,1293.3325759601164,1.9957819352061852,4.026036504851654,cds-ABJ12925.1,PA14_16630,putative outer membrane protein%2C OmpA
gene-PA14_16640,3214.0224284497467,766.9843602743289,2.0671109303137642,3.566230764349022,cds-ABJ12924.1,PA14_16640,putative lipoprotein
gene-PA14_17550,193.32351844686795,393.5804147676576,-1.0256412708180123,3.9114161486149106,cds-ABJ12848.1,PA14_17550,putative lysine decarboxylase
gene-PA14_17570,277.87201539830335,1103.84611321608,-1.9900466040623714,4.233502842546264,cds-ABJ12847.1,PA14_17570,putative metallo-beta-lactamase superfamily protein
gene-PA14_17580,587.2908713037905,2161.0988267687753,-1.8796179279159702,3.232195940201782,cds-ABJ12846.1,PA14_17580,conserved hypothetical protein
gene-PA14_17740,7.870876972769551,3.744139149626777,1.0718901332253812,1.5115762060678646,cds-ABJ12831.1,ycjJ,putative amino acid/amine transport protein
gene-PA14_17930,11.152604246438058,208.28863858293775,-4.2231314857932825,2.0462800560426273,cds-ABJ12818.1,glpD,glycerol-3-phosphate dehydrogenase
gene-PA14_17980,13.751578339082556,69.85553566234798,-2.3447771472834047,2.712419866376766,cds-ABJ12815.1,glpF,glycerol uptake facilitator protein
gene-PA14_18040,4.47564059470581,9.21646772638354,-1.0421195781934678,1.573351526914116,cds-ABJ12811.1,PA14_18040,hypothetical protein
gene-PA14_18100,5.349743658510646,30.805591932309813,-2.5256503639312746,3.8521572277418468,cds-ABJ12805.1,PA14_18100,hypothetical protein
gene-PA14_18580,5.982673568210397,2.829587208026172,1.0801984751101288,2.285941694445061,cds-ABJ12775.1,algD,GDP-mannose 6-dehydrogenase AlgD
gene-PA14_18670,133.08042553174047,290.51012123297465,-1.1262900369602455,2.0405245420096847,cds-ABJ12766.1,bfrB,bacterioferritin
gene-PA14_19310,159.24452036840538,442.0411369066292,-1.472936899105842,3.8006950117128713,cds-ABJ12721.1,PA14_19310,putative transmembrane protein
gene-PA14_19350,682.5759058818244,326.48721368105316,1.0639629954261327,3.3898257801074156,cds-ABJ12717.1,PA14_19350,putative peptidase or cellulase
gene-PA14_19360,1288.878047591262,641.4207005789362,1.0067729428344963,3.0842386586848614,cds-ABJ12716.1,PA14_19360,putative acetyltransferase%2C GNAT family
gene-PA14_19370,1561.0709089359316,741.0440904368143,1.0749047824238267,3.0017132870391343,cds-ABJ12715.1,asnB,putative asparagine synthetase%2C glutamine-hydrolyzing
gene-PA14_19380,85.03817421891394,241.31012694743856,-1.5047059232083393,2.9102699757850536,cds-ABJ12714.1,PA14_19380,putative transcriptional regulator
gene-PA14_19500,2.6552966455089124,5.541487610536326,-1.0613999888800392,1.4040683413238881,cds-ABJ12705.1,ssuA,putative sulfonate binding protein
gene-PA14_19650,0.784991932189706,3.294082165473521,-2.0691254006303366,1.691813778867907,cds-ABJ12691.1,PA14_19650,putative membrane protein
gene-PA14_19690,2.7906416601648414,6.929084463429766,-1.3120675484681144,2.6059595283189054,cds-ABJ12687.1,PA14_19690,putative murein hydrolase export regulator
gene-PA14_19870,62.002991492072454,234.22215366807424,-1.9174677921587158,3.114943917178719,cds-ABJ12674.1,ldh,leucine dehydrogenase
gene-PA14_19900,14.651236515505149,39.19420201675163,-1.4196177623137207,3.1349813647575693,cds-ABJ12673.1,PA14_19900,putative pyruvate dehydrogenase E1 component%2C alpha subunit
gene-PA14_19910,11.342125223219059,28.5561936946831,-1.332112626018951,3.0003051101674463,cds-ABJ12672.1,pdhB,putative pyruvate dehydrogenase E1 component%2C beta subunit
gene-PA14_19920,6.102167095461731,14.713511214921956,-1.269747840624278,2.6537234285744877,cds-ABJ12671.1,PA14_19920,putative dihydrolipoamide acetyltransferase
gene-PA14_20170,0.7054616450729218,1.4179732902740652,-1.0071897704932478,2.7647900882757876,cds-ABJ12649.1,nosY,nitrous-oxide reductase%2C nosY component
gene-PA14_20190,1.5893758761508607,3.625817722337457,-1.189845534264773,1.5864994334481353,cds-ABJ12647.1,nosD,copper ABC transporter%2C periplasmic copper-binding protein
gene-PA14_20230,1.6256847741031777,4.653583749202879,-1.5172940491917188,2.296141454296429,cds-ABJ12645.1,nosR,NosR Regulatory protein for N2O reductase
gene-PA14_20470,461.1593853370487,180.89992478930245,1.3500736462950305,2.419215651016782,cds-ABJ12624.1,PA14_20470,hypothetical protein
gene-PA14_20610,76.50757042642677,206.43856983018748,-1.432038114390676,2.4816020992268433,cds-ABJ12612.1,lecB,fucose-binding lectin PA-IIL
gene-PA14_20890,150.32774732367105,870.9923033720764,-2.5345486375080397,3.685040705562296,cds-ABJ12588.1,rfaD,ADP-L-glycero-D-mannoheptose 6-epimerase
gene-PA14_21220,702.8132881036736,2057.004904548211,-1.5493318585685394,2.96675068835316,cds-ABJ12561.1,PA14_21220,conserved hypothetical protein
gene-PA14_21260,215.09406567766914,511.31845185111274,-1.2492543631352522,2.295912205412813,cds-ABJ12557.1,PA14_21260,hypothetical protein
gene-PA14_21530,11.161073727905494,34.38374807443037,-1.623250904286745,2.344754861818963,cds-ABJ12538.1,PA14_21530,putative ankyrin domain protein
gene-PA14_21570,18.426683690042324,8.899363456851313,1.050022309984275,1.3992678717701692,cds-ABJ12534.1,PA14_21570,conserved hypothetical protein
gene-PA14_21630,77.61020385463165,215.76778171002115,-1.4751611974312726,1.9731609532524195,cds-ABJ12528.1,PA14_21630,hypothetical protein
gene-PA14_21670,64.23968804979644,14.642977075976829,2.1332559115607856,5.080935807399441,cds-ABJ12523.1,PA14_21670,conserved hypothetical protein
gene-PA14_21680,26.311274327116905,7.116871806411981,1.8863658204697087,4.1896629844983915,cds-ABJ12524.1,PA14_21680,conserved hypothetical protein
gene-PA14_21760,631.7776273299089,204.57685649810446,1.6267738999226453,3.3861559164351824,cds-ABJ12516.1,capB,cold acclimation protein B
gene-PA14_21830,190.6137835704167,68.34174672504497,1.4798134061125543,2.3530734038760523,cds-ABJ12511.1,PA14_21830,conserved hypothetical protein
gene-PA14_22160,1.2494116652702258,0.5372952685572815,1.2174603260726566,1.409312534435038,cds-ABJ12482.1,PA14_22160,hypothetical protein
gene-PA14_22230,4.5683143274417946,1.5399620226983666,1.5687665224475202,3.515123149244645,cds-ABJ12477.1,PA14_22230,hypothetical protein
gene-PA14_22240,3.8261714787648753,1.6925133983597256,1.1767337999326823,2.147279270976054,cds-ABJ12476.1,PA14_22240,hypothetical protein
gene-PA14_22340,121.66461087385709,58.94143372769883,1.0455555142505313,2.6066261935986508,cds-ABJ12467.1,yjcH,putative membrane protein
gene-PA14_22400,68.01552149227695,22.328179991618352,1.6069983112988662,4.363801233686606,cds-ABJ12463.1,PA14_22400,conserved hypothetical protein
gene-PA14_22630,6.720344235552975,15.178404289386364,-1.1754129682986234,1.6743158350903105,cds-ABJ12442.1,PA14_22630,putative membrane protein
gene-PA14_23360,456.8467589848689,220.91683649237862,1.0482069435555441,1.7133436918477647,cds-ABJ12384.1,wzz,O-antigen chain length regulator
gene-PA14_23370,1232.5986705886291,527.8152168148115,1.2235982896309034,2.1311598651082004,cds-ABJ12383.1,orfK,putative UDP-N-acetylglucosamine 2-epimerase
gene-PA14_23380,1532.146551453395,704.8677357738449,1.1201298231709083,2.1034757817080143,cds-ABJ12382.1,orfH,UDP-N-acetyl-D-mannosaminuronate dehydrogenase
gene-PA14_23420,4525.428618530094,2016.9654756303744,1.1658680511851203,1.9471826965764734,cds-ABJ12378.1,PA14_23420,putative zinc-binding dehydrogenase
gene-PA14_23430,1737.6541692490994,696.2902323213281,1.3193802916794821,1.8418053110447874,cds-ABJ12377.1,PA14_23430,putative heparinase
gene-PA14_23440,1669.3383093886061,822.3573479544012,1.0214390157632414,1.7930203042027213,cds-ABJ12376.1,orfL,putative group 1 glycosyl transferase
gene-PA14_23450,1312.6600008284643,615.041860631305,1.0937367723111033,1.8286102523159502,cds-ABJ12375.1,orfM,putative NAD dependent epimerase/dehydratase
gene-PA14_23460,1020.5902193622927,419.8113343865911,1.2815906958147725,1.9241138722116278,cds-ABJ12374.1,orfN,putative group 4 glycosyl transferase
gene-PA14_23570,11.840758092741849,5.904000997158927,1.0039964575673692,1.5980629551735996,,,
gene-PA14_24210,25.011857931664267,56.74289413084934,-1.1818274758404415,2.8897467075519616,cds-ABJ12321.1,PA14_24210,hypothetical protein
gene-PA14_24600,185.27660889908194,411.03161265138806,-1.1495685991177866,3.7075029229756584,cds-ABJ12290.1,PA14_24600,putative carboxypeptidase
gene-PA14_24630,4.933654165206492,10.409881731100224,-1.077225027584952,1.4744188561749934,cds-ABJ12288.1,PA14_24630,hypothetical protein
gene-PA14_24740,525.8950797241931,229.03975828504102,1.1991769425288554,2.9462744089802326,cds-ABJ12279.1,PA14_24740,conserved hypothetical protein
gene-PA14_24760,1428.9107247665345,626.0070374114472,1.1906650007272965,2.78409484153376,cds-ABJ12278.1,yqjE,putative membrane protein
gene-PA14_24770,791.2269918911346,393.6899107447734,1.0070319007097095,2.8700514181964123,cds-ABJ12277.1,PA14_24770,conserved hypothetical protein
gene-PA14_24860,10.811276961947224,35.44472779127335,-1.7130340216690405,1.715127885152921,cds-ABJ12269.1,snr1,cytochrome c Snr1
gene-PA14_24880,1417.7255649705542,649.9234163954596,1.1252366563512068,3.724831107742488,cds-ABJ12268.1,PA14_24880,putative lipoprotein
gene-PA14_24970,254.7869629931922,106.62170696068017,1.2567902671445383,2.7906944140270578,cds-ABJ12260.1,yegS,putative diacylglycerol kinase
gene-PA14_25180,121.79217832534266,291.6255710260018,-1.259695735981311,2.9641690239577065,cds-ABJ12243.1,psrA,transcriptional regulator PsrA
gene-PA14_25620,190.32227197224964,84.97959527035964,1.163256011993283,2.08869750968321,cds-ABJ12209.1,PA14_25620,conserved hypothetical protein
gene-PA14_25630,338.91435369448885,84.90489206785081,1.997001139503149,3.140234349633243,cds-ABJ12208.1,rpmF,50S ribosomal protein L32
gene-PA14_25670,4520.333761674698,1187.008254279271,1.9290993306613584,2.7872316686865486,cds-ABJ12204.1,acpP,acyl carrier protein
gene-PA14_26060,7.459801526976128,22.554889802254987,-1.596230954928211,2.4280607236498413,cds-ABJ12175.1,PA14_26060,conserved hypothetical protein
gene-PA14_26990,4.236225023222391,11.453195767465658,-1.4348988607804236,1.73892625153123,cds-ABJ12107.1,PA14_26990,conserved hypothetical protein
gene-PA14_27000,183.02973639548182,441.2009183136913,-1.2693577304087682,1.8384593570689214,cds-ABJ12106.1,PA14_27000,putative methyl-accepting chemotaxis protein
gene-PA14_27110,1.7853526621017188,4.801212282121887,-1.427189135240245,3.328458250470598,cds-ABJ12100.1,ligT,2'-5' RNA ligase
gene-PA14_27550,50.894516591713604,104.57346114723474,-1.0389346206034005,2.8423347865268864,cds-ABJ12064.1,PA14_27550,putative sensor/response regulator hybrid
gene-PA14_27610,7.467093288544866,1.825407043151699,2.0323279512555747,4.168224599084171,,,
gene-PA14_27620,3.517300054336559,1.2791637976932317,1.4592666776142524,2.258346233634711,,,
gene-PA14_27740,5.525518834606081,16.06646583619906,-1.5398705977944795,3.2547741153558123,cds-ABJ12049.1,PA14_27740,conserved hypothetical protein
gene-PA14_27880,1.7413680468855421,3.921371746834636,-1.171136796561136,1.549629086684392,cds-ABJ12040.1,PA14_27880,putative phosphohydrolase
gene-PA14_27930,27.96768845119621,85.55612806454822,-1.6131101393103018,3.7155392600061656,cds-ABJ12035.1,PA14_27930,conserved hypothetical protein
gene-PA14_28100,1.1052837541564846,2.5058716925284497,-1.1808950191659522,2.1412962221559995,cds-ABJ12019.1,PA14_28100,conserved hypothetical protein
gene-PA14_28110,1.7977552724768893,4.015472136110351,-1.159372541794952,1.3723151404614093,cds-ABJ12018.1,PA14_28110,hypothetical protein
gene-PA14_28140,11.841853528168414,25.466707770770938,-1.1047174862108344,3.930749316148551,cds-ABJ12015.1,PA14_28140,hypothetical protein
gene-PA14_28170,75.49376203928286,27.249550837188917,1.4701249574258644,2.5595894374705392,cds-ABJ12013.1,yfdC,putative transporter%2C formate/nitrite transporter family
gene-PA14_28220,15.922541578728364,7.068801171386507,1.1715330571006908,2.770597424160549,cds-ABJ12009.1,PA14_28220,conserved hypothetical protein
gene-PA14_28450,476.73932354474505,202.45433195578119,1.2356041130087967,3.2653197232196827,cds-ABJ11987.1,eco,ecotin precursor
gene-PA14_28500,102.6785057826698,431.51569765820113,-2.071278825355073,3.4716457542207113,cds-ABJ11983.1,PA14_28500,conserved hypothetical protein
gene-PA14_28520,47.68321145622236,22.86120614354286,1.060579849993506,1.8967303254522154,cds-ABJ11981.1,PA14_28520,hypothetical protein
gene-PA14_28530,150.3370883711505,58.12129685108564,1.3710621536739993,2.019394166987688,cds-ABJ11980.1,PA14_28530,putative membrane protein
gene-PA14_28600,529.5330690998676,248.75585392074393,1.089990302883164,2.84368971093912,cds-ABJ11974.1,PA14_28600,conserved hypothetical protein
gene-PA14_28610,17.79193234054923,57.781744674970945,-1.699390502263287,2.2923245664391305,cds-ABJ11973.1,PA14_28610,hypothetical protein
gene-PA14_28620,20.777303435340695,64.05675086976463,-1.6243421479524478,2.6288178370548314,cds-ABJ11972.1,PA14_28620,conserved hypothetical protein
gene-PA14_29120,56.178493836346206,24.204618175464486,1.2147355756603149,3.129959718573078,cds-ABJ11929.1,PA14_29120,conserved hypothetical protein
gene-PA14_29650,4.149902933689796,19.811416444450757,-2.255182257512655,3.0287418126266314,cds-ABJ11886.1,PA14_29650,hypothetical protein
gene-PA14_29660,15.007746991055823,66.04445907631396,-2.1377300427724335,2.5944642113124354,cds-ABJ11885.1,PA14_29660,putative membraine protein
gene-PA14_29820,343.4349325538549,129.3310142960374,1.4089685008978128,2.7252271932929517,cds-ABJ11874.1,PA14_29820,putative exported protein
gene-PA14_30040,3.7290202841304954,11.914285492050888,-1.6758236173908299,2.1315118303562817,cds-ABJ11858.1,PA14_30040,putative phosphatase
gene-PA14_30080,26.77604469687273,54.976662819251736,-1.037876443143233,2.3590019966280034,cds-ABJ11855.1,PA14_30080,conserved hypothetical protein
gene-PA14_30260,19.9060295958074,57.82120375003392,-1.5383931024293898,2.121939990232976,cds-ABJ11841.1,ate1,putative arginyl-tRNA:protein arginylyltransferase
gene-PA14_31250,0.043217111603561086,0.1490839823220459,-1.7864268479404677,1.3501950784128718,cds-ABJ11757.1,PA14_31250,hypothetical protein
gene-PA14_31330,7.095989731731755,30.890323982547738,-2.12207901755825,2.137736258265728,cds-ABJ11750.1,PA14_31330,putative EAL domain
gene-PA14_31350,41.290231858113515,103.36585971824756,-1.3238873165871734,1.8764766721456043,cds-ABJ11748.1,PA14_31350,conserved hypothetical protein
gene-PA14_31450,6.636891466568746,14.039704559474382,-1.0809328746071538,3.8257475700754537,cds-ABJ11739.1,PA14_31450,hypothetical protein
gene-PA14_31740,2.8251591549741044,6.0545701015861155,-1.0996921085460198,1.780883111362613,cds-ABJ11718.1,PA14_31740,hypothetical protein
gene-PA14_31800,246.75477645172444,116.343325093391,1.08468956261243,2.579756145193267,cds-ABJ11713.1,PA14_31800,putative sodium:alanine symporter
gene-PA14_32310,26.734960857447756,81.82882868866277,-1.6138816000441245,3.0582631720495983,cds-ABJ11681.1,PA14_32310,hypothetical protein
gene-PA14_32340,2.3433097438770716,5.442907903251359,-1.2158296068793177,2.3686835861052358,cds-ABJ11679.1,PA14_32340,putative deaminase
gene-PA14_32580,3.9806125144991795,9.830507958184535,-1.304275306095295,1.8403026790600014,cds-ABJ11659.1,PA14_32580,probable two-component response regulator
gene-PA14_32750,0.6423504706265054,1.7953246115696728,-1.482810707802347,1.978138712396399,cds-ABJ11645.1,PA14_32750,hypothetical protein
gene-PA14_32820,17.73599124368383,7.3030251064301295,1.2801137507050653,1.7833507978884122,cds-ABJ11640.1,PA14_32820,hypothetical protein
gene-PA14_33450,50.943999881214616,18.24272268645315,1.4815911218935263,3.0667305427832026,cds-ABJ11592.1,treA,periplasmic trehalase precursor
gene-PA14_33910,4.885504006389341,2.295005281264285,1.0900095945407018,2.5247929551536954,cds-ABJ11554.1,PA14_33910,putative ABC-type transport protein%2C periplasmic component
gene-PA14_33960,11.59326942039121,30.64061535711515,-1.4021577149660467,2.9160921703508538,cds-ABJ11550.1,PA14_33960,conserved hypothetical protein
gene-PA14_33970,14.764146172307752,44.80726656606519,-1.6016347265473032,2.3712768647794094,cds-ABJ11549.1,PA14_33970,hypothetical protein
gene-PA14_33980,5.127381275555101,14.47513907105139,-1.4972829396134952,4.4860151974759015,cds-ABJ11548.1,PA14_33980,hypothetical protein
gene-PA14_33990,13.147647639967508,38.73455541970406,-1.5588164106421845,3.9024175884666525,cds-ABJ11547.1,PA14_33990,probable ClpA/B-type protease
gene-PA14_34000,4.515764118411951,18.01841144472898,-1.9964295498524924,2.811206337272772,cds-ABJ11546.1,PA14_34000,conserved hypothetical protein
gene-PA14_34010,10.564578779242401,37.627983016583336,-1.8325706127811763,2.1719657720809757,cds-ABJ11545.1,PA14_34010,conserved hypothetical protein
gene-PA14_34020,4.250046229587361,21.353171119378306,-2.328899624811766,3.325444936019546,cds-ABJ11544.1,PA14_34020,conserved hypothetical protein
gene-PA14_34030,13.767969192967433,43.10296037604709,-1.6464711130735346,2.5652683379517502,cds-ABJ11543.1,PA14_34030,conserved hypothetical protein
gene-PA14_34050,35.60640411119431,127.52666008605608,-1.8405902013607731,2.223164910462081,cds-ABJ11542.1,PA14_34050,conserved hypothetical protein
gene-PA14_34070,16.178258073781915,52.69483028847787,-1.7036050887069416,2.3743486746290783,cds-ABJ11541.1,PA14_34070,conserved hypothetical protein
gene-PA14_34110,10.86424594238496,28.845753744151352,-1.4087708339653193,3.6642291147882804,cds-ABJ11538.1,PA14_34110,conserved hypothetical protein
gene-PA14_34130,37.81794546467007,85.11194728840132,-1.1702906498743022,3.9968321035385745,cds-ABJ11537.1,PA14_34130,conserved hypothetical protein
gene-PA14_34140,23.19377430510991,56.3028615635294,-1.2794706038352683,2.4000020233697836,cds-ABJ11536.1,PA14_34140,conserved hypothetical protein
gene-PA14_35160,33.46927764510792,105.68500056404635,-1.6588612865295342,2.698331697263651,cds-ABJ11457.1,PA14_35160,hypothetical protein
gene-PA14_35550,3.9569583452789487,1.4134969251253737,1.485122473207571,2.5564808691815126,cds-ABJ11428.1,pslO,hypothetical protein
gene-PA14_35570,41.808355217032535,18.56443202594814,1.1712500669556345,2.622792727529994,cds-ABJ11427.1,pslN,putative DNA topoisomerase
gene-PA14_36030,1.8470147961304193,3.747187245501971,-1.020612248227223,1.3282385637574285,cds-ABJ11387.1,PA14_36030,paraquat-inducible protein A
gene-PA14_36310,555.8580100890529,1135.6228260148146,-1.0306954421965635,2.5929688812211387,cds-ABJ11364.1,hcnC,hydrogen cyanide synthase HcnC
gene-PA14_36360,4.086953633231874,0.8314978609085247,2.2972400279785266,2.461401947418475,cds-ABJ11360.1,PA14_36360,putative small intergral membrane protein
gene-PA14_36370,15.383903782377288,2.5906343423533893,2.570043874151449,5.63319482963091,cds-ABJ11359.1,PA14_36370,putative ligase
gene-PA14_36375,114.0996704558432,13.86392810370649,3.0408865496875093,4.989446358855358,cds-ABJ15684.1,PA14_36375,hypothetical protein
gene-PA14_36390,59.01087671188041,11.775086791169818,2.325243099996287,4.097686768335865,cds-ABJ11358.1,PA14_36390,putative methylase
gene-PA14_36410,10.26130004952667,1.8708542312378673,2.455443829808059,2.5588517122019456,cds-ABJ11356.1,PA14_36410,conserved hypothetical protein
gene-PA14_36480,12.101228830413001,1.5672476775993858,2.948847651293983,4.091070874369379,cds-ABJ11351.1,PA14_36480,hypothetical protein
gene-PA14_36490,28.938121367784067,3.2796187186241657,3.14137086905901,3.1158033567412553,cds-ABJ11350.1,PA14_36490,hypothetical protein
gene-PA14_36500,78.38480532861551,8.65954956951695,3.1782099804152906,3.189805496060774,cds-ABJ11349.1,PA14_36500,putative cellulase
gene-PA14_36520,145.79881201758295,10.887127461078583,3.7432835828830995,5.204217771372127,cds-ABJ11348.1,PA14_36520,conserved hypothetical protein
gene-PA14_36530,50.87126189801523,4.227616467889009,3.588934161309467,3.851977767179202,cds-ABJ11347.1,PA14_36530,conserved hypothetical protein
gene-PA14_36550,40.409058980029016,16.214460364686676,1.3173976916607988,3.0614435159230675,cds-ABJ11345.1,PA14_36550,conserved hypothetical protein
gene-PA14_36560,111.65067833926499,26.123364679915724,2.0955793412161103,5.158633293320607,cds-ABJ11344.1,PA14_36560,hypothetical protein
gene-PA14_36570,262.10360453484395,27.081335761115778,3.274766340807116,5.281679824490848,cds-ABJ11343.1,glgA,glycogen synthase
gene-PA14_36580,250.51884062715408,26.886360373937535,3.219972684368418,4.711667529900253,cds-ABJ11342.1,glgB,putative glycosyl hydrolase
gene-PA14_36590,220.66301318802388,28.856742370078837,2.9348644376519344,3.378988318999097,cds-ABJ11341.1,malQ,putative 4-alpha-glucanotransferase
gene-PA14_36605,286.35451688015354,32.54357125676534,3.137357837938443,3.712346480941502,cds-ABJ15692.1,PA14_36605,probable glycosyl hydrolase
gene-PA14_36620,25.067030028224092,3.2202972037845483,2.9605249340704134,3.119623043022544,cds-ABJ11340.1,PA14_36620,conserved hypothetical protein
gene-PA14_36630,446.6589827359616,47.020424530305434,3.247814278841057,4.026702285625071,cds-ABJ11339.1,glgX,putative glycosyl hydrolase
gene-PA14_36650,79.81287255315922,10.03435850266945,2.9916729345537205,3.30898632078454,cds-ABJ11338.1,PA14_36650,conserved hypothetical protein
gene-PA14_36660,101.28504800159313,13.22043697144863,2.9375793517176665,3.517720287944594,cds-ABJ11337.1,PA14_36660,putative Zn-dependent alcohol dehydrogenase
gene-PA14_36670,30.954386086862417,4.655521765045935,2.7331288106737026,4.485727756342584,cds-ABJ11336.1,PA14_36670,conserved hypothetical protein
gene-PA14_36680,9.892029676274289,1.5713627066143092,2.6542495644485102,3.0302898621704717,cds-ABJ11335.1,PA14_36680,putative metal-dependent hydrolase
gene-PA14_36690,22.00326667771534,3.48982923370661,2.656489028383015,3.3455661020213947,cds-ABJ11334.1,ybhO,putative phospholipase
gene-PA14_36700,8.080117799412001,1.8635698760414974,2.116306811603751,3.433390510607179,cds-ABJ11333.1,PA14_36700,putative membrane protein
gene-PA14_36710,206.0054700140021,31.887576243484755,2.6916162585298915,4.063807256694036,cds-ABJ11332.1,glgB,1%2C4-alpha-glucan branching enzyme
gene-PA14_36730,275.27660704981014,46.58783197137654,2.5628568899916235,4.643909557102571,cds-ABJ11331.1,PA14_36730,putative trehalose synthase
gene-PA14_36740,216.37609519702255,35.232764586244635,2.6185514999837265,5.2923623762594305,cds-ABJ11330.1,PA14_36740,putative alpha-amylase family protein
gene-PA14_36760,43.00071642060099,6.311713343321646,2.7682569103953303,4.279744844160923,cds-ABJ11329.1,PA14_36760,putative KU domain protein
gene-PA14_36770,5.510005526089866,1.2378239323652294,2.1542467355837296,2.9218812559325964,cds-ABJ11328.1,PA14_36770,hypothetical protein
gene-PA14_36780,39.48484073650809,4.079743075746287,3.2747483465293374,5.016794752193202,cds-ABJ11327.1,PA14_36780,putative Mg(2+) transporter
gene-PA14_36790,32.07284591670844,2.656788981399521,3.59359632304673,5.7167482804408545,cds-ABJ11326.1,PA14_36790,hypothetical protein
gene-PA14_36810,602.0352760280113,47.41830904903344,3.666331873506058,4.8652682732251,cds-ABJ11325.1,katE,catalase HPII
gene-PA14_36820,130.41576927336794,6.875466979179738,4.245516609725281,3.7025051144533068,cds-ABJ11324.1,PA14_36820,conserved hypothetical protein
gene-PA14_36840,342.09118240812535,60.374841550348684,2.5023614956977585,4.908212439305683,cds-ABJ11322.1,glgP,glycogen phosphorylase
gene-PA14_36850,69.6568249235021,7.464982798163715,3.222053699266529,4.723917957938786,cds-ABJ11321.1,PA14_36850,hypothetical protein
gene-PA14_36860,11.881264976917592,24.78715753891264,-1.0609043311308919,1.4708035238809727,cds-ABJ11320.1,PA14_36860,hypothetical protein
gene-PA14_36870,23.47861615974469,3.7683229464690946,2.639352539635078,3.7995574304938153,cds-ABJ11319.1,PA14_36870,putative short-chain dehydrogenase
gene-PA14_36880,8.578725497259164,1.2357333069395366,2.7953949054968166,2.460706208977439,cds-ABJ11318.1,PA14_36880,putative ompetence-damaged protein
gene-PA14_36890,3.1133823471312425,0.5917353809726792,2.3954567102242725,2.662063508907999,cds-ABJ11317.1,PA14_36890,putative metallothionein
gene-PA14_36900,3.007554020234192,0.6405547598965232,2.2311950524221142,3.387627896049545,cds-ABJ11316.1,PA14_36900,conserved hypothetical protein
gene-PA14_36910,91.41916610046047,28.134186108480012,1.7001723950318794,3.864738426468372,cds-ABJ11315.1,PA14_36910,putative ATP-dependent DNA ligase
gene-PA14_36920,27.93596733025841,10.467607646607123,1.4161919356746662,2.4953452757756245,cds-ABJ11314.1,PA14_36920,putative histidine kinase
gene-PA14_36930,2.527346469472862,0.8967766638551325,1.4948017682862589,1.5514974248535531,cds-ABJ11313.1,PA14_36930,hypothetical protein
gene-PA14_36960,33.575540724047556,6.259033301398984,2.423398687971784,3.495367097595228,cds-ABJ11311.1,PA14_36960,putative Na+/H+ antiporter
gene-PA14_36980,83.6465570596442,10.852930000481633,2.946221458628135,4.622131997425048,cds-ABJ11310.1,PA14_36980,putative outer membrane protein
gene-PA14_37070,53.79024597167298,196.2519771512385,-1.8672906777931122,2.503952991655039,cds-ABJ11303.1,PA14_37070,putative phosphoadenosine phosphosulfate sulfotransferase
gene-PA14_37080,13.6435311887888,38.4027823899199,-1.4929936855980763,2.8424735115673316,cds-ABJ11302.1,PA14_37080,putative transcriptional regulator
gene-PA14_37340,41.223215686939064,9.916467031961568,2.0555588137752587,3.9226111115507063,cds-ABJ11284.1,PA14_37340,glyoxylate carboligase
gene-PA14_37350,4.753797907812874,1.3536229771117831,1.8122538431211155,1.6538813867265163,cds-ABJ11283.1,PA14_37350,conserved hypothetical protein
gene-PA14_37690,75.25949963140697,152.12169188717655,-1.0152802772989895,4.3148609455581886,cds-ABJ11256.1,PA14_37690,putative sensory box protein
gene-PA14_37850,0.372342071843695,0.8969925424136691,-1.268465070957053,2.2663078131195453,cds-ABJ11245.1,yejE,putative permease of ABC transporter
gene-PA14_37990,0.4242806895476592,1.023410892022982,-1.2702925664065368,1.6741935359467854,cds-ABJ11237.1,PA14_37990,putative sigma-70 factor%2C ECF subfamily
gene-PA14_38050,12.444069326546915,5.3028533943928995,1.2306174116196191,1.8321130530418528,cds-ABJ11232.1,PA14_38050,conserved hypothetical protein
gene-PA14_38320,13.537156530706559,58.47762373475081,-2.110959871727436,3.9362477234202164,cds-ABJ11212.1,yfeH,putative transporter%2C bile acid/Na+ symporter family
gene-PA14_38340,28.93511474969731,107.8497751494529,-1.8981298613722897,4.0991062991615586,cds-ABJ11210.1,PA14_38340,putative ring-cleaving dioxygenase
gene-PA14_38350,938.9684521291065,297.9562441687164,1.655976201228016,3.592236384641769,cds-ABJ11209.1,galU,UTP-glucose-1-phosphate uridylyltransferase
gene-PA14_38360,43.42396534444586,11.170610698707875,1.9587833176579097,2.4530066350099764,cds-ABJ11208.1,ugd,putative UDP-glucose 6-dehydrogenas
gene-PA14_38370,14.232142769392794,6.251279947914256,1.1869292413554067,2.1493329931886604,cds-ABJ11207.1,PA14_38370,conserved hypothetical protein
gene-PA14_38590,41.54782280783214,85.15265239416846,-1.0352785720192779,2.984395052018635,cds-ABJ11190.1,bdhA,3-hydroxybutyrate dehydrogenase
gene-PA14_39000,0.639509001086002,1.406064159493212,-1.1366246189238955,2.3340677470244375,cds-ABJ11161.1,PA14_39000,conserved hypothetical protein
gene-PA14_39520,213.17472678257545,35.57399049214198,2.583141651491308,4.961319073351177,cds-ABJ11123.1,PA14_39520,putative hydroxylase large subunit
gene-PA14_39530,58.473466375742,10.319831949538605,2.5023625248704846,4.212814369783404,cds-ABJ11122.1,PA14_39530,putative hydroxylase molybdopterin-containing subunit
gene-PA14_39540,35.07975680446174,9.674603267482711,1.8583642313598574,4.012038835621944,cds-ABJ11121.1,PA14_39540,putative ferredoxin
gene-PA14_39590,176.010282210965,542.4081648645048,-1.623719178909312,2.2884577300357587,cds-ABJ11117.1,metE,5-methyltetrahydropteroyltriglutamate-homocysteine S-methyltransferase
gene-PA14_39660,32.93691841867755,9.793243482088963,1.7498468197522583,5.6827954375335334,cds-ABJ11111.1,PA14_39660,conserved hypothetical protein
gene-PA14_39670,0.07164413818973871,0.28641199769522746,-1.9991561570716536,1.8781755210534503,cds-ABJ11110.1,PA14_39670,hypothetical protein
gene-PA14_39690,59.963590598073175,187.76157947094893,-1.646743187612516,2.8273727817552463,cds-ABJ11109.1,nrdD,putative ribonucleotide reductase
gene-PA14_39710,6.017197338775098,15.689005146174585,-1.3825901468947,1.7531271655457972,cds-ABJ11107.1,nrdG,putative radical-activating enzyme
gene-PA14_39720,0.8186041243463901,2.1560958327856174,-1.3971823627312534,1.3711971121997084,cds-ABJ11106.1,PA14_39720,putative amino acid oxidase
gene-PA14_39780,54.33968101791714,176.14961657493305,-1.6967233141836837,2.118572970612919,cds-ABJ11102.1,hvn,putative halovibrin
gene-PA14_39880,523.8146110490417,1200.7450506601724,-1.1968016531451444,1.4095603277955588,cds-ABJ11093.1,phzG2,probable pyridoxamine 5'-phosphate oxidase
gene-PA14_39890,805.687812940687,1663.3684148841178,-1.0458149034385071,1.898798048093731,cds-ABJ11092.1,phzF2,probable phenazine biosynthesis protein
gene-PA14_39910,1219.2021194879069,2498.5260163787893,-1.0351399239206243,1.844659637303822,cds-ABJ11091.1,phzE2,phenazine biosynthesis protein PhzE
gene-PA14_39925,476.19783618204605,995.88390972949,-1.0644165103296803,1.7925844872686423,cds-ABJ15681.1,phzD2,phenazine biosynthesis protein PhzD
gene-PA14_40080,73.38993025243799,33.63663389770209,1.1255487640412518,3.0837813448885103,cds-ABJ11079.1,PA14_40080,hypothetical protein
gene-PA14_40100,13.460051722590334,33.83734663306952,-1.3299324247538855,4.047692896408156,cds-ABJ11078.1,PA14_40100,conserved hypothetical protein
gene-PA14_40110,7.273306879757328,16.15404372204044,-1.1512118857902476,2.7939836651071537,cds-ABJ11077.1,PA14_40110,hypothetical protein
gene-PA14_40170,2.9489769189810993,8.185697996821615,-1.4728905952347449,1.7360525590826443,cds-ABJ11072.1,sugE,putative transporter
gene-PA14_40240,88.1827098335757,183.51311817031797,-1.0573154707533339,3.318759247890353,cds-ABJ11066.1,PA14_40240,putative ATP-binding/permease fusion ABC transporter
gene-PA14_40260,646.6556722386914,1626.606930577508,-1.3307960414185638,3.000804854520129,cds-ABJ11064.1,PA14_40260,conserved hypothetical protein
gene-PA14_40290,155.38572938553645,365.0424734783682,-1.2322103162509224,1.864492228986996,cds-ABJ11061.1,lasA,staphylolytic protease preproenzyme LasA
gene-PA14_40430,59.50435389795107,121.19650600866983,-1.0262809568022004,2.9219167882832946,cds-ABJ11049.1,PA14_40430,putative O-Methyltransferase
gene-PA14_41330,13.344473712501534,5.5378581008219845,1.2688422629171459,2.372091998760205,,,
gene-PA14_41440,550.7598863713415,1764.9486260241847,-1.6801307961952197,3.722329055287665,cds-ABJ10973.1,uspA,putative universal stress protein
gene-PA14_41510,1.120931085653331,3.1113909511491378,-1.4728612699517105,2.46121796105783,cds-ABJ10967.1,nasA,nitrate transporter
gene-PA14_41520,1.8685597759323642,5.71356187478294,-1.61246317262,2.9974615228269745,cds-ABJ10966.1,ppkB,putative serine/threonine-protein kinase
gene-PA14_41575,1059.5149449279013,471.8289660324105,1.1670680411598722,2.3550753422503035,cds-ABJ15679.1,sigX,ECF sigma factor SigX
gene-PA14_41970,196.7506699767836,550.3760586074937,-1.484049160923926,2.424233146489892,cds-ABJ10932.1,PA14_41970,conserved hypothetical protein
gene-PA14_42090,43.15506752602055,117.74296393719999,-1.4480389444514155,5.2437645421756445,cds-ABJ10922.1,PA14_42090,putative acyl-CoA thiolase
gene-PA14_42510,0.4364135698207139,0.06807082623141798,2.6805694338954478,2.7865735700767655,cds-ABJ10888.1,pcr4,conserved hypothetical protein
gene-PA14_42860,267.5288693572323,654.8805272709825,-1.2915371474113733,2.5798761065947784,cds-ABJ10858.1,PA14_42860,putative hemerythrin
gene-PA14_43200,29.710117713021067,84.64061246489291,-1.5103957139927167,3.0318624861017005,cds-ABJ10828.1,PA14_43200,putative sulfate transporter
gene-PA14_43380,3.0434484243395232,6.39365568123353,-1.070933885058484,2.282320186415434,cds-ABJ10814.1,kdpB,potassium-transporting ATPase%2C B chain
gene-PA14_43730,29.925393954126744,13.622552025390485,1.1353731809846588,1.8275136800298966,cds-ABJ10787.1,PA14_43730,hypothetical protein
gene-PA14_43740,135.63579569319634,48.058880091884326,1.4968630163134942,2.6043028863570314,cds-ABJ10785.1,PA14_43740,putative 5-oxo-L-prolinase
gene-PA14_43760,18.489679081360666,104.97902767788817,-2.5053089859640836,3.847072160412956,cds-ABJ10786.1,PA14_43760,conserved hypothetical protein
gene-PA14_43770,9.302030131556307,19.801320592096797,-1.089979048924842,2.300957805418414,cds-ABJ10784.1,PA14_43770,putative transcriptional regulator
gene-PA14_43900,960.7672322634907,289.95000037289475,1.7283828039901372,4.0634465884660065,cds-ABJ10773.1,PA14_43900,conserved hypothetical protein
gene-PA14_44140,77.51459267895144,37.7612147346423,1.0375627386646846,3.5150434415803598,cds-ABJ10754.1,yaiE,conserved hypothetical protein
gene-PA14_44170,18.16415641074059,8.91636940832693,1.0265659876989546,3.327239405291407,cds-ABJ10751.1,PA14_44170,hypothetical protein
gene-PA14_44210,3.10938773414215,7.532073771038507,-1.2764163270271471,2.49654876919793,cds-ABJ10747.1,PA14_44210,putative Glycine/D-amino acid oxidase
gene-PA14_44300,335.0596254708195,788.3532139859617,-1.2344243045772951,3.4870189489404533,cds-ABJ10740.1,aer,aerotaxis receptor Aer
gene-PA14_44340,410.7919204595177,1437.9804909974875,-1.8075643885975905,2.9114938232736143,cds-ABJ10738.1,ccoN,putative cytochrome oxidase subunit (cbb3-type)
gene-PA14_44350,130.70149420425685,428.35613728738036,-1.7125351167887455,2.8132282698738003,cds-ABJ10737.1,ccoO,putative cytochrome c oxidase subunit
gene-PA14_44360,195.1636049104906,564.7068685547191,-1.5328181371569645,2.2345159995749464,cds-ABJ10736.1,ccoP,putative cytochrome c oxidase%2C cbb3-type%2C subunit III
gene-PA14_44460,17.858733080668276,36.74748081397095,-1.0410155714440206,2.339356647846441,cds-ABJ10727.1,PA14_44460,putative membrane protein
gene-PA14_44470,557.853595238173,1541.9357401055515,-1.4667841891370743,2.6444975413786973,cds-ABJ10726.1,hemN,oxygen-independent coproporphyrinogen III
gene-PA14_44530,1.5724349150214607,5.986302870668943,-1.9286642880840477,1.3250440332809,cds-ABJ10720.1,ygdE,putative membrane transporter of cations and cationic drugs
gene-PA14_44710,18.011488257124935,47.03122066571089,-1.3847013337009737,2.8590306058615766,cds-ABJ10704.1,xdhA,xanthine dehydrogenase
gene-PA14_44890,265.7814437998226,536.7040140595265,-1.0138862926988987,3.589240009797731,cds-ABJ10692.1,hcpA,secreted protein Hcp
gene-PA14_45970,214.15663078738513,955.3887388451352,-2.1574215195072233,2.7892643725129065,cds-ABJ10610.1,PA14_45970,putative cation-transporting P-type ATPase
gene-PA14_46160,34.59011121544601,114.13290275978109,-1.7222831716792966,2.240757802468084,cds-ABJ10596.1,PA14_46160,conserved hypothetical protein
gene-PA14_46280,30.425980407023,8.188002102194636,1.8937202437388236,2.8971447415814846,cds-ABJ10586.1,PA14_46280,hypothetical protein
gene-PA14_46560,0.4997090090633048,1.3576800447963553,-1.4419815602989892,2.5346255366546684,cds-ABJ10561.1,PA14_46560,possible outer membrane protein
gene-PA14_47010,7.860184484068452,18.614460980513964,-1.2437886548564752,2.997262533521848,cds-ABJ10521.1,PA14_47010,hypothetical protein
gene-PA14_47120,1971.8363585227007,483.42140474718735,2.0281865673223827,4.636294729684749,cds-ABJ10512.1,PA14_47120,hypothetical protein
gene-PA14_47130,749.6526860761845,206.20078362479157,1.8621725296076137,5.278028663737482,cds-ABJ10511.1,PA14_47130,conserved hypothetical protein
gene-PA14_47530,16.563543305120344,46.18535885356285,-1.4794241915043265,3.4425341767763484,cds-ABJ10477.1,PA14_47530,conserved hypothetical protein
gene-PA14_47810,2.0846496115110758,6.345855795448806,-1.606009354407473,1.4761021864177335,cds-ABJ10458.1,PA14_47810,putative membrane protein
gene-PA14_48160,261.70514257463856,92.93831714439774,1.493596836941209,2.6351119704988455,cds-ABJ10432.1,PA14_48160,putative sensor/response regulator hybrid
gene-PA14_48170,175.71308142263493,59.20635989844996,1.5693975219085037,2.5816969816241544,cds-ABJ10431.1,PA14_48170,conserved hypothetical protein
gene-PA14_48230,0.12044538938407283,0.2582545680539507,-1.1004082671665798,1.3748210549800466,cds-ABJ10427.1,PA14_48230,hypothetical protein
gene-PA14_48830,50.36292203499756,177.78966374576703,-1.8197375360577448,1.3355815507340836,cds-ABJ10380.1,PA14_48830,putative transcriptional regulator
gene-PA14_48860,122.5206320783529,47.99475959496876,1.3520759005008478,3.076554255497832,cds-ABJ10377.1,PA14_48860,conserved hypothetical protein
gene-PA14_49080,15.1034251640479,44.372938949910825,-1.5548042849167605,4.4342896672485095,cds-ABJ10355.1,lcaD,probable acyl-CoA dehydrogenase
gene-PA14_49130,1.5179160027572969,3.169286689287824,-1.0620657132108573,1.7404270112537725,cds-ABJ10351.1,dctA,C4-dicarboxylate transport protein
gene-PA14_49220,60.54466853020241,138.7152626737212,-1.1960546917508608,2.4214190254221895,cds-ABJ10344.1,napF,ferredoxin protein NapF
gene-PA14_49260,22.626898619755263,46.7585526335159,-1.0471913865895817,1.5577993806037576,cds-ABJ10341.1,napB,cytochrome c-type protein NapB precursor
gene-PA14_49310,78.39652603510156,36.91021411354094,1.0867695985914176,1.3031786730357668,cds-ABJ10336.1,PA14_49310,hypothetical protein
gene-PA14_49410,884.4772298589278,208.92475231207823,2.0818415715905694,2.8207674418389095,cds-ABJ10327.1,PA14_49410,probable cold-shock protein
gene-PA14_49480,308.676790537612,129.12221788411208,1.257359739420603,1.805699609649335,cds-ABJ10322.1,PA14_49480,hypothetical protein
gene-PA14_49690,13.301521458213664,33.60117923674972,-1.3369205255812517,3.373364133612944,cds-ABJ10305.1,PA14_49690,probable oxidoreductase
gene-PA14_50020,25.43911220145071,11.820925542341213,1.1057052586465144,2.03703951495144,cds-ABJ10276.1,PA14_50020,hypothetical protein
gene-PA14_50500,136.10423790300715,342.3117676990912,-1.3305988934963422,3.128932787599329,cds-ABJ10241.1,PA14_50500,hypothetical protein
gene-PA14_50750,16.235348130258945,44.578896913198925,-1.4572225409942035,2.0458395885441663,cds-ABJ10217.1,PA14_50750,hypothetical protein
gene-PA14_50770,6.508324920144337,13.139208534875038,-1.0135200795279673,1.7135314107928203,cds-ABJ10215.1,PA14_50770,probable transporter
gene-PA14_50790,71.29762557729954,164.96404987670704,-1.210225708383889,2.3524902174394127,cds-ABJ10214.1,yeaG,conserved hypothetical protein
gene-PA14_50800,133.80841060120449,330.17607272365643,-1.3030667678076375,2.8879379891253083,cds-ABJ10213.1,pdxH,pyridoxine 5'-phosphate oxidase
gene-PA14_51610,21.40522207839766,9.866199909891444,1.1173962994277191,1.635644759266592,cds-ABJ10142.1,PA14_51610,hypothetical protein
gene-PA14_51930,188.09236719968317,90.85948446996504,1.0497322723466205,2.5317535253483276,cds-ABJ10114.1,helX,probable thioredoxin
gene-PA14_52140,62.252598947738385,29.070270803392315,1.098589531131119,2.121277688449216,cds-ABJ10096.1,yaiL,conserved hypothetical protein
gene-PA14_52340,454.2256303225607,226.77314633699964,1.0021592996207613,2.9591573719798094,cds-ABJ10080.1,PA14_52340,hypothetical protein
gene-PA14_52380,21.336755615512345,49.317626436401945,-1.20876250642251,2.064182520618275,cds-ABJ10077.1,PA14_52380,cytochrome b561
gene-PA14_52460,184.67734696454522,84.30738098901895,1.131276055170454,2.4583875711205847,cds-ABJ10072.1,mgtE,probable Mg transporter MgtE
gene-PA14_52480,72.74491033960996,16.58561826265556,2.132913452050789,3.290794049586392,cds-ABJ10071.1,PA14_52480,hypothetical protein
gene-PA14_52490,55.274158727456005,18.30881622659553,1.5940665939912466,2.806128258335934,cds-ABJ10070.1,PA14_52490,hypothetical protein
gene-PA14_52500,27.88256883764855,5.75534300402041,2.276389466450926,3.8164948278446125,cds-ABJ10069.1,PA14_52500,hypothetical protein
gene-PA14_52510,16.960925104326098,4.270741877265009,1.9896559974577106,3.4928834355620864,cds-ABJ10068.1,PA14_52510,hypothetical protein
gene-PA14_52560,90.73300988786764,40.875104855602586,1.150405067058443,2.2639546821009184,,,
gene-PA14_52570,180.3221457880752,75.35514990031469,1.2587985606560221,1.8928055846815706,cds-ABJ10065.1,rsmA,RsmA%2C regulator of secondary metabolites
gene-PA14_52890,0.362969473366109,1.0677379390352666,-1.5566348373123142,2.174806076012893,cds-ABJ10040.1,PA14_52890,probable ring-cleaving dioxygenase
gene-PA14_53190,825.2972814305969,406.597750674272,1.0213116521438597,2.8444578725596243,cds-ABJ10016.1,bolA,morphogene protein BolA
gene-PA14_53450,14.98217695383687,57.75315197800364,-1.9466523476764725,2.9288504786784886,cds-ABJ09995.1,PA14_53450,conserved hypothetical protein
gene-PA14_53470,231.005068174417,695.9115039161492,-1.5909793479549807,3.125082931165721,cds-ABJ09994.1,ackA,probable acetate kinase
gene-PA14_53530,60.61292593151171,259.6596748746947,-2.0989245709396744,3.1001400766514915,cds-ABJ09988.1,PA14_53530,hypothetical protein
gene-PA14_53680,7.172636956338252,2.139055686960635,1.7455290928705252,2.7933951530847074,cds-ABJ09973.1,PA14_53680,hypothetical protein
gene-PA14_53920,43.98476876073638,19.147501207914214,1.1998478551478153,2.1511870994652065,cds-ABJ09951.1,PA14_53920,probable transcriptional regulator
gene-PA14_54080,15.541874695438159,66.358635052488,-2.094123604583335,2.6737025818116544,cds-ABJ09940.1,PA14_54080,conserved hypothetical protein
gene-PA14_55230,1.8117911880659499,4.0083882469590035,-1.1456051216535537,2.6974973087827268,cds-ABJ09845.1,PA14_55230,hypothetical protein
gene-PA14_55430,0.5126991358158222,1.3775246735591022,-1.4258920109803845,2.2337758825608183,cds-ABJ09830.1,hxcS,probable type II secretion system protein
gene-PA14_55730,4.907634410650154,10.752187029790255,-1.1315302917359764,2.5163123814648207,cds-ABJ13558.1,PA14_55730,putative transcriptional regulator%2C AraC family
gene-PA14_55780,20.55211519639531,52.49300096297268,-1.3528381522914517,3.704160885136127,cds-ABJ13563.1,PA14_55780,putative two-component sensor
gene-PA14_55790,5.816090501855702,36.50675043621722,-2.650041422732518,3.96608056464613,cds-ABJ13564.1,PA14_55790,putative pilus assembly protein
gene-PA14_55840,3.2515228670730383,8.243802461511432,-1.3421940950547613,3.2453790609180766,cds-ABJ13568.1,PA14_55840,conserved hypothetical protein
gene-PA14_56220,158.3387781137842,656.8251007653356,-2.052494630835666,3.3376474185882965,cds-ABJ13598.1,PA14_56220,putative universal stress protein
gene-PA14_56510,108.26471157635164,47.3188120590219,1.1940773016442892,3.158843339207301,cds-ABJ13615.1,PA14_56510,conserved hypothetical protein
gene-PA14_56560,2.1243522718908454,4.284636924177524,-1.0121495907291993,3.528937672366463,cds-ABJ13620.1,PA14_56560,putative hemolysin
gene-PA14_56570,1.155430968717395,4.754251129052978,-2.040786091684065,3.6879203662905007,cds-ABJ13621.1,PA14_56570,putative acyltransferase
gene-PA14_56590,1015.5344392082949,3047.9953941994813,-1.5856215561226998,2.6878484877810895,cds-ABJ13622.1,PA14_56590,putative universal stress protein
gene-PA14_56670,22.9909405503265,57.03657095973302,-1.3108217244788625,2.5260851063596617,cds-ABJ13627.1,PA14_56670,conserved hypothetical protein
gene-PA14_56680,239.9316402163829,555.8563955611409,-1.2120887891732004,1.9114841577478954,cds-ABJ13628.1,PA14_56680,putative ferrous iron transport protein B
gene-PA14_56750,0.7244306078755725,2.799753142777772,-1.9503787353564601,1.342031752547724,cds-ABJ13634.1,PA14_56750,conserved hypothetical protein
gene-PA14_57020,581.2839216774884,182.80671311368,1.6689239480183276,1.8954584900901417,cds-ABJ13657.1,groES,Hsp10 protein
gene-PA14_57060,139.26353633417065,51.309586126863245,1.4405172519942677,2.2188147829153313,cds-ABJ13661.1,PA14_57060,conserved hypothetical protein
gene-PA14_57110,237.07263722284696,101.90259852846071,1.2181383084671147,3.0485762985236384,cds-ABJ13665.1,PA14_57110,putative mechanosensitive ion channel family protein
gene-PA14_57160,24.93081552181974,55.12608118932695,-1.1448049384942445,2.8209694778219574,cds-ABJ13668.1,apbA,Ketopantoate reductase
gene-PA14_57610,60.847858173118915,122.34924277657598,-1.007726774064605,3.504777517612352,,,
gene-PA14_58500,36.951538629536266,79.12770005960056,-1.0985483650762085,2.1582038837821123,cds-ABJ13774.1,PA14_58500,putative membrane protein
gene-PA14_58740,1.9741974685538546,0.7486679192810922,1.3988672575361545,2.202294849746864,cds-ABJ13793.1,PA14_58740,hypothetical protein
gene-PA14_59220,254.81043949360233,82.53831327058747,1.6262885123638344,2.2467660453078895,cds-ABJ13839.1,PA14_59220,pyocin S5
gene-PA14_59380,93.59803110258399,241.24465158010364,-1.3659468613557535,2.0545059314494227,cds-ABJ13851.1,PA14_59380,conserved hypothetical protein
gene-PA14_59400,59.6981862381114,129.56869670640637,-1.117958192662494,1.6443001574099865,cds-ABJ13854.1,PA14_59400,conserved hypothetical protein
gene-PA14_59430,9.640056177354486,24.51423120761106,-1.3465059676134887,1.6941502502201542,cds-ABJ13856.1,PA14_59430,conserved hypothetical protein
gene-PA14_59440,4.876043850687335,12.866165178722966,-1.399798925240805,1.5476198173488545,cds-ABJ13857.1,PA14_59440,conserved hypothetical protein
gene-PA14_59470,5.8559620009288755,19.615316300590013,-1.7440023282344637,2.3116692309839753,cds-ABJ13858.1,PA14_59470,hypothetical protein
gene-PA14_59480,7.025269196889263,14.705639583991532,-1.0657440107361995,1.7259333179643566,cds-ABJ13859.1,PA14_59480,conserved hypothetical protein
gene-PA14_59500,2.1835500210932035,4.588105034460602,-1.0712224895915032,1.4750804336259464,cds-ABJ13861.1,PA14_59500,conserved hypothetical protein
gene-PA14_59590,32.36708554149644,14.874134593597397,1.121721680731853,2.113786165959184,cds-ABJ13870.1,PA14_59590,conserved hypothetical protein
gene-PA14_59780,91.49878221544223,261.47225927086384,-1.514833435106303,1.7586753786018472,cds-ABJ13887.1,rcsC,putative kinase sensor protein
gene-PA14_59790,169.2953177465771,538.4606223305087,-1.6692987656224076,2.7091572330589084,cds-ABJ13888.1,pvrR,two component response regulator
gene-PA14_59850,1.0340385899870126,5.0965124948523135,-2.3012192125984927,1.8503083136595646,cds-ABJ13893.1,PA14_59850,hypothetical protein
gene-PA14_60160,13.42038587611787,4.738535097456815,1.5019129269769749,3.8893490930908796,,,
gene-PA14_60400,171.3212094898166,76.34853443079886,1.1660313881908229,2.784166646540315,cds-ABJ13942.1,rpsT,ribosomal protein S20
gene-PA14_60490,201.02567262610924,860.9578239054932,-2.0985628027710503,3.309034978412596,cds-ABJ13949.1,PA14_60490,putative cytochrome c precursor
gene-PA14_60560,129.6517243750021,440.4866197883934,-1.7644567943958185,2.4793179651311417,cds-ABJ13955.1,PA14_60560,conserved hypothetical protein
gene-PA14_60700,588.9529832541452,1841.542748055933,-1.644690513604655,2.3289509975570315,cds-ABJ13965.1,ccpR,cytochrome c551 peroxidase
gene-PA14_60810,10.957615549113484,82.61929951249408,-2.9145448211356344,3.0451799451708386,cds-ABJ13974.1,nfxB,putative transcriptional regulator NfxB
gene-PA14_60850,28.406800598401304,92.06011941669489,-1.6963399258342824,1.3819373661045455,cds-ABJ13977.1,mexC,multidrug efflux RND membrane fusion protein
gene-PA14_60860,30.76438494831611,64.26194882565257,-1.0627035584480222,2.8406725777873216,cds-ABJ13978.1,nfxB,transcriptional regulatory protein NfxB
gene-PA14_61000,23.043336751540192,131.9516102093139,-2.51758735997571,3.775447156312509,cds-ABJ13988.1,PA14_61000,conserved hypothetical protein
gene-PA14_61010,76.19544136228187,228.59551774403994,-1.5850205115109135,3.5152159131758536,cds-ABJ13989.1,PA14_61010,conserved hypothetical protein
gene-PA14_61330,0.9549708528903306,2.4685001523538563,-1.3701051962062725,1.5999285751574337,cds-ABJ14014.1,mgtC,putative magnesium transporter%2C MgtC family
gene-PA14_61510,3.879523913396157,10.843850271944454,-1.4829253338179813,2.9022522093861753,cds-ABJ14030.1,PA14_61510,conserved hypothetical protein
gene-PA14_61520,3.2541405707660633,7.396514086664173,-1.1845686781239078,2.166659866794357,cds-ABJ14031.1,PA14_61520,conserved hypothetical protein
gene-PA14_61530,24.304668553172075,60.31979372082518,-1.3113979992921492,2.5548452838154785,cds-ABJ14032.1,csuC,putative pili assembly chaperone
gene-PA14_61540,11.916593346174052,30.949812417293725,-1.3769587259852234,3.200978595470139,cds-ABJ14033.1,csuD,putative type 1 pili usher protein CsuD
gene-PA14_61550,9.388740548068878,21.420390336779178,-1.189981137482992,3.044029052067398,cds-ABJ14034.1,PA14_61550,conserved hypothetical protein
gene-PA14_61650,1228.6217146615243,524.6526435698416,1.2276063054590842,2.951586942644701,cds-ABJ14042.1,pagL,Lipid A 3-O-deacylase
gene-PA14_62050,1.113991926072595,3.134717233439788,-1.492595694311565,1.3380734488195187,,,
gene-PA14_62240,38.27895294718058,105.72887749177737,-1.4657461733009471,2.1261799862713224,cds-ABJ14084.1,PA14_62240,conserved hypothetical protein
gene-PA14_62250,8.951026383910703,28.075549702236227,-1.6491891335763709,3.779077853839381,cds-ABJ14085.1,PA14_62250,conserved hypothetical protein
gene-PA14_62360,6.51195578260356,14.364085383984863,-1.1413032034513542,1.6496014657102818,cds-ABJ14093.1,PA14_62360,putative iron-sulfur cluster-binding protein%2C Rieske family
gene-PA14_62400,149.89024014439735,316.7010731736359,-1.0792153033533194,2.4371834098498084,cds-ABJ14097.1,yfdZ,putative aminotransferase
gene-PA14_62490,426.3309407483723,197.97397699738076,1.1066629525873954,3.128038956585058,cds-ABJ14105.1,dksA,suppressor protein DksA
gene-PA14_62680,7324.089369500387,744.2412249373378,3.2988071820318123,3.534994393416189,cds-ABJ14121.1,PA14_62680,conserved hypothetical protein
gene-PA14_62690,3923.818990344003,606.0312598624242,2.6947943713420197,4.507570645968043,cds-ABJ14122.1,PA14_62690,conserved hypothetical protein
gene-PA14_62830,697.1859637873058,347.7023822353096,1.0036905708372275,2.3820710122430473,cds-ABJ14131.1,tpiA,triosephosphate isomerase
gene-PA14_62880,70.12783906308937,28.308826594198734,1.3087352920224196,2.234549259848698,cds-ABJ14136.1,yhbY,putative RNA-binding protein
gene-PA14_63460,1.775396824807692,3.920596420882299,-1.1429311714384807,1.8106251007774474,,,
gene-PA14_63640,2.2314042829412277,5.826056196814563,-1.3845672931284225,1.7679268616912953,cds-ABJ14197.1,fadH2,2%2C4-dienoyl-CoA reductase FadH2
gene-PA14_64050,104.45857249385301,217.87487699031854,-1.0605689491586023,4.033694310625511,cds-ABJ14227.1,PA14_64050,putative two-component response regulator
gene-PA14_64480,1157.0471044278913,292.08369773696484,1.9859938519150941,3.8073647157984905,cds-ABJ14261.1,osmE,osmotically inducible lipoprotein OsmE
gene-PA14_64490,112.16368093198037,27.99769567349772,2.002225564593701,4.396844067067297,cds-ABJ14262.1,PA14_64490,conserved hypothetical protein
gene-PA14_64520,1164.2584040193076,307.5467283293714,1.9205337587935165,3.768493143462259,cds-ABJ14265.1,PA14_64520,putative bacterioferritin
gene-PA14_64660,1.207913324186496,2.7663570359377743,-1.1954697553570444,1.9035643713623454,cds-ABJ14277.1,ureF,urease accessory protein UreF
gene-PA14_64680,6.210492938757042,13.190647853628276,-1.0867356124588592,2.165974525555899,cds-ABJ14279.1,ureJ,urease accessory protein
gene-PA14_64940,40.87649888571031,123.0505162136745,-1.5899071480305265,2.5359360248964657,cds-ABJ14302.1,PA14_64940,putative icotinic acid mononucleotide adenylyltransferase
gene-PA14_65090,55.27982805899264,118.02127841449965,-1.0942219434206886,3.211964397809571,cds-ABJ14314.1,PA14_65090,hypothetical protein
gene-PA14_65210,6.631274195406054,2.2730197720022516,1.5446754566015595,3.7977306782977096,,,
gene-PA14_65220,6.026521974803515,2.300717710147562,1.3892412633912252,2.669131532336259,,,
gene-PA14_66050,6.710958302891096,16.067740387391215,-1.2595762321488826,4.01965651954976,cds-ABJ14379.1,PA14_66050,putative acyl-CoA dehydrogenase
gene-PA14_66440,177.40551964813054,489.74729931522523,-1.4649866344787548,2.184230478685436,cds-ABJ14409.1,metY,homocysteine synthase
gene-PA14_66450,16.8753742007415,65.23031627832067,-1.950623066503757,2.51769552742012,cds-ABJ14410.1,PA14_66450,conserved hypothetical protein
gene-PA14_66460,433.39481713398055,1487.8853334748053,-1.7795095387018922,2.977559500312661,cds-ABJ14411.1,PA14_66460,putative universal stress protein
gene-PA14_66530,1.0210703525406002,2.727236732598474,-1.4173567741093027,1.8172729498611542,cds-ABJ14416.1,PA14_66530,putative transcriptional regulator
gene-PA14_66710,415.77516037307777,139.82798373435443,1.5721504472946357,4.520734750268721,cds-ABJ14433.1,rpmE,50S ribosomal protein L31
gene-PA14_66840,343.10654639528883,692.0270785356397,-1.0121718360278553,1.5666679703689588,cds-ABJ14442.1,phaC2,poly(3-hydroxyalkanoic acid) synthase 2
gene-PA14_67240,101.79215611902548,209.13945978121146,-1.038838888720003,2.3736683782939987,cds-ABJ14474.1,hutG,N-formylglutamate amidohydrolase
gene-PA14_67250,99.40232883259567,215.0595776480952,-1.113384817818417,2.6318158180096556,cds-ABJ14475.1,hutI,imidazolone-5-propionate hydrolase HutI
gene-PA14_67410,27.68439821252872,63.42305465749475,-1.1959341726420494,2.452441263295635,cds-ABJ14487.1,PA14_67410,conserved hypothetical protein
gene-PA14_67420,83.00278852741131,167.3635473000074,-1.0117536158083418,2.409645143251539,cds-ABJ14488.1,hutC,histidine utilization genes repressor protein
gene-PA14_67440,139.7607231615832,281.46955444622205,-1.0100198960587672,2.6569254087229996,cds-ABJ14489.1,PA14_67440,putative chlorohydrolase
gene-PA14_67500,179.87082715004075,78.35127116494718,1.198932621426753,2.9569580723772586,cds-ABJ14494.1,gloA3,lactoylglutathione lyase
gene-PA14_68030,1.9198078002078411,0.9310900471127845,1.0439684762011845,1.3950462875296563,,,
gene-PA14_68120,6.754510812515089,15.327688643792072,-1.1822168473793644,3.232734880455056,cds-ABJ14541.1,opmG,putative outer membrane protein precursor
gene-PA14_68300,1163.0770164950097,4728.7289363522905,-2.0235058118254736,3.3111593546144036,cds-ABJ14553.1,arcD,arginine/ornithine antiporter
gene-PA14_68330,1536.4486160050992,5585.72734811981,-1.8621456342939606,3.407099922368532,cds-ABJ14554.1,arcA,arginine deiminase
gene-PA14_68340,1246.6679896464696,3192.754420993942,-1.3567242874274645,2.323097164463161,cds-ABJ14555.1,arcB,ornithine carbamoyltransferase%2C catabolic
gene-PA14_68350,1038.4645048145935,2491.390457566684,-1.262499236561158,1.8681178804014686,cds-ABJ14556.1,arcC,carbamate kinase
gene-PA14_68400,3515.415931529086,1368.2065975830208,1.3614093013796185,2.449412803023905,cds-ABJ14561.1,ygaU,putative LysM domain protein
gene-PA14_68460,20.617016770981635,8.506914204720625,1.2771276841313244,4.095721113027559,cds-ABJ14566.1,PA14_68460,conserved hypothetical protein
gene-PA14_68780,26.014582469047586,76.44176096601366,-1.5550404244003255,1.9811744033830123,cds-ABJ14591.1,PA14_68780,probable phosphate transporter
gene-PA14_68800,61.59171546172443,142.67090561811344,-1.2118829316273838,2.2504919049183787,cds-ABJ14592.1,PA14_68800,putative phosphate transport regulator
gene-PA14_68840,504.309233083602,208.91138533328316,1.2714175157726402,3.729341024901413,cds-ABJ14596.1,PA14_68840,conserved hypothetical protein
gene-PA14_69130,9.350395093321497,20.062458186790348,-1.1013990712346675,2.9965961902527596,cds-ABJ14618.1,glpT,glycerol-3-phosphate transporter
gene-PA14_69925,249.28065233840903,99.08655994271163,1.3310096157782347,3.3070619931992926,cds-ABJ15646.1,poxB,pyruvate dehydrogenase (cytochrome)
gene-PA14_70180,198.82192275537048,69.06269852563035,1.5254982165847752,4.003220321754995,cds-ABJ14698.1,rpmG,50S ribosomal protein L33
gene-PA14_70190,374.3543328171091,131.48894532997988,1.5094629323715971,4.7090485300538525,cds-ABJ14699.1,rpmB,50S ribosomal protein L28
gene-PA14_70650,2.621042511322379,6.313792201131314,-1.2683657023592751,2.5776960614335667,cds-ABJ14735.1,glcG,putative GlcG protein
gene-PA14_70670,15.62446075354191,46.499423193764635,-1.573406359643186,3.590050987343555,cds-ABJ14736.1,glcF,glycolate oxidase%2C iron-sulfur subunit
gene-PA14_70680,10.396938274007724,40.18362661716622,-1.9504489301417245,3.7933157136624285,cds-ABJ14737.1,glcE,glycolate oxidase subunit GlcE
gene-PA14_70690,87.79319759962503,312.974867604347,-1.8338657329531667,4.033787868917163,cds-ABJ14738.1,glcD,glycolate oxidase subunit GlcD
gene-PA14_71110,2.0378587502447933,0.7857313312560718,1.3749449278391945,1.48216322999504,cds-ABJ14767.1,PA14_71110,putative esterase/lipase
gene-PA14_71120,3.858428055706075,1.351839925636351,1.5130881787803874,1.3224960488477011,cds-ABJ14768.1,PA14_71120,putative thioesterase
gene-PA14_71140,11.52431074573129,4.2426589299663044,1.4416396420360855,2.137218704849984,cds-ABJ14769.1,PA14_71140,putative 3-hydroxyacyl-CoA dehydrogenase
gene-PA14_71150,8.07219424135213,2.1029385320684857,1.9405536985603193,2.845198667465936,cds-ABJ14770.1,PA14_71150,conserved hypothetical protein
gene-PA14_71160,13.125606884849594,5.2779180385792275,1.3143431131565657,1.575180266157966,cds-ABJ14771.1,PA14_71160,putative glycine betaine/L-proline ABC transporter%2C periplasmic substrate-binding protein
gene-PA14_71400,4.589602911325917,16.445642203537584,-1.8412638752089416,3.233858307594305,cds-ABJ14793.1,PA14_71400,hypothetical protein
gene-PA14_71590,374.43071070665775,134.64703878448157,1.4755162605108378,2.7118411646443374,cds-ABJ14808.1,PA14_71590,putative membrane protein
gene-PA14_71630,299.51378077986533,976.4081562547511,-1.7048619594432544,2.948551466879977,cds-ABJ14811.1,adhA,alcohol dehydrogenase%2C zinc-containing
gene-PA14_71740,120.43976983392311,249.33702201826645,-1.0497852503884204,1.875165478183845,cds-ABJ14820.1,accC,putative biotin carboxylase subunit of a transcarboxylase
gene-PA14_71900,108.02396857814959,429.7539538307142,-1.9921594467928359,2.00358738502415,cds-ABJ14832.1,PA14_71900,conserved hypothetical protein
gene-PA14_72060,3.3711200666010352,14.361361383072149,-2.0908922694112815,2.736174528578084,cds-ABJ14846.1,PA14_72060,conserved hypothetical protein
gene-PA14_72170,42.8786379993631,18.306358631680226,1.2279141859690126,1.5083213336249883,cds-ABJ14854.1,citM,putative citrate transporter
gene-PA14_72260,634.0413965629645,1644.3787174302336,-1.3748936613619063,2.560211770068804,cds-ABJ14861.1,PA14_72260,putative acetyltransferase
gene-PA14_72360,1736.829988273678,579.2582367262208,1.5841779806612903,2.7358406335830012,cds-ABJ14867.1,PA14_72360,conserved hypothetical protein
gene-PA14_72370,1662.1477393633947,519.6882436322044,1.6773302913870267,3.3729945423422443,cds-ABJ14868.1,PA14_72370,conserved hypothetical protein
gene-PA14_72500,78.45306167389131,190.63290991241084,-1.2808955341447692,2.516510800808792,cds-ABJ14880.1,PA14_72500,conserved hypothetical protein
gene-PA14_72510,120.33203803105057,329.3178544670004,-1.452459917569757,3.152662863872922,cds-ABJ14881.1,thrB,homoserine kinase
gene-PA14_72960,53.195392581628646,15.452217986345639,1.783487293066817,1.4176230970930626,cds-ABJ14917.1,kgtP,putative MFS dicarboxylate transporter
gene-PA14_73050,0.7087063661945976,2.162837261600408,-1.6096638256465858,1.4504519274329382,cds-ABJ14926.1,PA14_73050,conserved hypothetical protein
gene-PA14_73140,228.37694559229396,464.7952741437554,-1.0251783772911762,2.637459398606495,cds-ABJ14933.1,PA14_73140,putative cyclopropan-fatty-acyl-phospholipid synthase
