,dimA_light_mean_rpm,wt_light_mean_rpm,log2_FC,-log10_pval,protein_ID,common_name,product
gene-PA14_00470,181.66829446394274,424.2043220733431,-1.2234526563455113,2.219117790381176,cds-ABJ14995.1,PA14_00470,conserved hypothetical protein
gene-PA14_00480,483.165743680111,1079.4849921020596,-1.159753106491993,1.9809166336770614,cds-ABJ14996.1,PA14_00480,conserved hypothetical protein
gene-PA14_00710,120.74664769763473,388.05541047721687,-1.6842795200925378,3.4940708318338314,cds-ABJ15016.1,osmC,osmotically inducible protein OsmC
gene-PA14_00740,9.777044223955533,28.998302018772602,-1.5684979799701095,4.234348296693141,cds-ABJ15019.1,PA14_00740,putative lipoprotein
gene-PA14_02010,5.522242611711405,2.1417007621623236,1.3664966641705083,1.41106955512169,cds-ABJ15118.1,PA14_02010,hypothetical protein
gene-PA14_03410,0.18744663087280541,0.06501420976242232,1.5276287827113122,1.305862657840632,,,
gene-PA14_04180,38.49947654123906,8.383170671361773,2.1992706997549476,1.657590794755688,cds-ABJ15283.1,PA14_04180,conserved hypothetical protein
gene-PA14_04270,30.00800447979813,9.347117240627904,1.6827538117086094,1.9761885017915193,cds-ABJ15290.1,PA14_04270,putative transcriptional regulator
gene-PA14_04650,69.29588391176623,214.06985583669154,-1.6272400682892758,3.434028834426175,cds-ABJ15319.1,pfpI,protease PfpI
gene-PA14_05520,15.994960535511899,6.3800793486407334,1.325970934628724,2.2635963385231666,cds-ABJ15391.1,mexR,multidrug resistance operon repressor MexR
gene-PA14_05880,37.240164051174425,18.60925348230336,1.0008391814544908,2.6392435550994393,cds-ABJ15416.1,nfeD,putative membrane-bound protease
gene-PA14_06090,1.76822692519021,0.7997558503400782,1.1446702435061675,1.7558949350199018,cds-ABJ15431.1,PA14_06090,hypothetical protein
gene-PA14_06390,37.97740773677265,77.1090396683377,-1.0217585350599208,1.9586731059844322,cds-ABJ15455.1,PA14_06390,conserved hypothetical protein
gene-PA14_06800,1.9370348413613907,0.5576350179392146,1.7964537696821143,1.9522109566280756,cds-ABJ15484.1,PA14_06800,hypothetical protein
gene-PA14_06870,449.7630182104911,216.4560525907359,1.0550908924909235,2.0327834993122162,cds-ABJ15489.1,dnr,transcriptional regulator Dnr
gene-PA14_06900,4.890047203176681,1.2684922602458286,1.9467322721453486,2.6673143824518024,cds-ABJ15492.1,PA14_06900,hypothetical protein
gene-PA14_06920,21.191205695158455,8.833668212944664,1.2623809632774259,1.7200536570422924,cds-ABJ15493.1,argD,class III pyridoxal phosphate-dependent aminotransferase
gene-PA14_06930,10.470269534656714,2.8774620247095117,1.8634291827883689,1.6281593999923654,cds-ABJ15494.1,PA14_06930,putative glutamine amidotransferase
gene-PA14_07070,83.5101729882599,37.199442892460986,1.1666709024145567,2.886365841580188,cds-ABJ15508.1,PA14_07070,putative reductase
gene-PA14_07370,74.9790944074342,289.98370137759554,-1.9514114855809344,3.4765046099801977,cds-ABJ15529.1,PA14_07370,conserved hypothetical protein
gene-PA14_07630,31.582382376640215,11.370812923283964,1.4737844687432098,1.3264396762744564,cds-ABJ15549.1,PA14_07630,hypothetical protein
gene-PA14_07970,4.343674363124776,20.86771165859403,-2.264284109875623,3.6790959638092273,cds-ABJ15576.1,PA14_07970,putative zinc finger protein
gene-PA14_07980,14.100006756452558,57.72815363202082,-2.033579100462116,4.817921702564901,cds-ABJ15577.1,PA14_07980,conserved hypothetical protein
gene-PA14_07990,10.829520112991135,75.6876544247835,-2.8050884938217218,3.900565717417502,cds-ABJ15578.1,hol,putative holin
gene-PA14_08000,45.691416569790626,268.6392765659746,-2.555675130454844,5.151559066878759,cds-ABJ15579.1,PA14_08000,conserved hypothetical protein
gene-PA14_08010,27.818705426850872,168.51164398430143,-2.598721022321286,5.369593096078995,cds-ABJ15580.1,gpV,putative baseplate assembly protein V
gene-PA14_08020,34.17108166659596,207.7787631531755,-2.6042003253971497,3.8758303542041803,cds-ABJ15581.1,gpW,putative baseplate assembly protein W
gene-PA14_08030,83.52808187973854,598.2959852851252,-2.840526143629747,4.214907979158857,cds-ABJ15582.1,PA14_08030,putative phage baseplate assembly protein
gene-PA14_08040,44.49389384394113,295.1183755287048,-2.72961444170241,4.631763872219264,cds-ABJ15583.1,gpI,putative phage tail protein
gene-PA14_08050,216.17221937651152,1348.8105172094818,-2.6414346442242884,4.84500807705412,cds-ABJ15584.1,PA14_08050,putative tail fiber protein
gene-PA14_08060,33.78584226915996,151.9278577982213,-2.1688956477152703,5.121344095120596,cds-ABJ15585.1,PA14_08060,putative tail fiber assembly protein
gene-PA14_08070,168.95255299604048,869.1998361128702,-2.363069740206642,5.5138570781906715,cds-ABJ15586.1,gpFI,putative phage tail sheath protein
gene-PA14_08090,78.7378299975152,408.85424764064715,-2.376457746447014,5.611306665466338,cds-ABJ15587.1,gpFII,putative phage tail tube protein
gene-PA14_08100,44.92571925734425,234.0943610453569,-2.38147663299739,5.448131896010211,cds-ABJ15588.1,PA14_08100,conserved hypothetical protein
gene-PA14_08110,3.435265405096389,17.902469447310818,-2.3816645702988466,3.79709548747535,cds-ABJ15589.1,PA14_08110,hypothetical protein
gene-PA14_08120,285.16184548119577,1873.0482617856794,-2.715535198134191,4.537673842922295,cds-ABJ15590.1,PA14_08120,putative tail length determinator protein
gene-PA14_08130,64.47708090514408,445.7307812980668,-2.7893142274393843,5.322345981974376,cds-ABJ15591.1,gpU,putative tail formation protein
gene-PA14_08140,7.651076936947948,50.24830093946406,-2.7153398131133493,6.0744636544098665,cds-ABJ15592.1,XR2,putative phage protein X
gene-PA14_08150,73.28184435925048,612.6258110104836,-3.0634784038664136,5.268710054798699,cds-ABJ15593.1,gpD,putative phage late control gene D protein
gene-PA14_08160,21.772091626906114,156.08966716863924,-2.841823024113483,3.497815983089893,cds-ABJ15594.1,lys,putative lytic enzyme
gene-PA14_08180,14.585235146141875,102.40873417439006,-2.8117580720826916,3.5336683734486996,cds-ABJ15595.1,PA14_08180,hypothetical protein
gene-PA14_08190,7.606497515108074,58.83774858717882,-2.9514375593311035,3.521934901192552,cds-ABJ15596.1,PA14_08190,hypothetical protein
gene-PA14_08200,6.59671598075806,50.27695860287867,-2.930077166621208,5.025638137406851,cds-ABJ15597.1,PA14_08200,hypothetical protein
gene-PA14_08210,69.08330032872372,425.43817899824984,-2.6225405662802848,5.675422565951062,cds-ABJ15598.1,PA14_08210,putative major tail protein V
gene-PA14_08220,44.3106152643439,231.02240429570392,-2.3823084613010534,4.299312761703642,cds-ABJ15599.1,PA14_08220,hypothetical protein
gene-PA14_08230,30.957891303389847,182.52395722160955,-2.5597066624593445,4.069820872490622,cds-ABJ15600.1,PA14_08230,hypothetical protein
gene-PA14_08240,125.21562661087061,883.7899529084985,-2.8192888954926087,4.725053808902039,cds-ABJ15601.1,PA14_08240,putative tail length determination protein
gene-PA14_08250,30.63414144271962,228.99812067326934,-2.9021233668329716,3.9054433039621355,cds-ABJ15602.1,PA14_08250,putative phage minor tail protein
gene-PA14_08260,35.38678814653728,238.35690054691202,-2.7518406071612986,3.5810607969974266,cds-ABJ15603.1,PA14_08260,putative minor tail protein L
gene-PA14_08270,52.27481100634379,323.3481345085066,-2.628900402511811,4.358769202249166,cds-ABJ15604.1,PA14_08270,conserved hypothetical protein
gene-PA14_08280,51.14688519279891,378.7494054018186,-2.888525294371893,3.877143541706926,cds-ABJ15605.1,PA14_08280,putative phage tail assembly protein
gene-PA14_08300,169.92726440101669,1156.4118404057363,-2.766666020591957,5.146720630327718,cds-ABJ15606.1,JF1,putative phage-related protein%2C tail component
gene-PA14_08310,147.29251684739435,470.29196834048275,-1.674872546276032,3.544343326275575,cds-ABJ15607.1,PA14_08310,conserved hypothetical protein
gene-PA14_08320,123.8381186064989,350.93149731117063,-1.5027339690333041,3.265001938646369,cds-ABJ15608.1,PA14_08320,conserved hypothetical protein
gene-PA14_08330,23.725968303400194,64.49638066937916,-1.4427511717036725,2.584404582948501,cds-ABJ15609.1,PA14_08330,hypothetical protein
gene-PA14_09550,97.42639447611704,247.90451121746523,-1.3473999288663392,2.4355593576892063,cds-ABJ13477.1,PA14_09550,putative 3-carboxymuconate cyclase
gene-PA14_09930,19.80420764735257,56.889885666070626,-1.5223651213518798,2.8097056864995844,cds-ABJ13450.1,PA14_09930,putative exonuclease III
gene-PA14_09940,26.030632900205447,114.5836041736665,-2.1381182570819375,4.091757719495076,cds-ABJ13449.1,pfpI,putative protease
gene-PA14_10170,4.258962906450474,1.8309989350412241,1.217870464783667,3.0048090119937862,cds-ABJ13431.1,fepB,ferrienterobactin-binding periplasmic protein precursor FepB
gene-PA14_10220,9.594389564309333,20.952093898903314,-1.126831370585375,2.744833097698485,cds-ABJ13426.1,ygiM,putative SH3 domain protein
gene-PA14_11990,6.4716668549679675,2.8487433787151133,1.1838112050538585,3.7998238912268283,cds-ABJ13282.1,PA14_11990,possible hydrolase
gene-PA14_12740,46.307487503877205,96.43162491550099,-1.0582608482363425,3.021236822315085,cds-ABJ13228.1,PA14_12740,conserved hypothetical protein
gene-PA14_13420,42.68616845347217,105.20061641643389,-1.3013025486096728,4.85286218586183,cds-ABJ13175.1,PA14_13420,conserved hypothetical protein
gene-PA14_13580,222.08116801644806,577.6569593561011,-1.3791259374785407,2.0420161873823943,cds-ABJ13164.1,PA14_13580,putative ABC-type proline/glycine betaine transpor
gene-PA14_13590,90.91382518822901,183.82733475154387,-1.0157796894218594,1.9518766012412314,cds-ABJ13163.1,PA14_13590,putative permease of ABC-type transporter
gene-PA14_13730,86.66934728963355,36.56358982397412,1.2451140801144374,2.889500667886522,cds-ABJ13151.1,narL,putative nitrate/nitrite response regulator%3B NarL
gene-PA14_14540,6.1053501436228785,18.971018167436323,-1.6356509012079397,2.710153734690459,cds-ABJ13088.1,PA14_14540,hypothetical protein
gene-PA14_14550,120.77215393676205,414.453234171877,-1.778921451586691,3.4185643172701354,cds-ABJ13087.1,PA14_14550,hypothetical protein
gene-PA14_14990,219.1480891248688,495.80476769683486,-1.1778660391913491,2.325809749201208,cds-ABJ13057.1,mocA,putative oxidoreductase
gene-PA14_15270,0.3644424194306736,0.04359419631772248,3.0634343923773573,1.5965948323151278,cds-ABJ13034.1,PA14_15270,putative permease
gene-PA14_16030,166.99823772696394,384.5185174590736,-1.2032201898094168,1.9130293427223573,cds-ABJ12973.1,PA14_16030,putative sodium/hydrogen exchanger
gene-PA14_16110,17.151884096098485,40.234673231858686,-1.2300721735352032,2.735645293141952,cds-ABJ12967.1,PA14_16110,conserved hypothetical protein
gene-PA14_16140,356.4490021295592,94.32085513445635,1.9180469601508368,1.337504083687709,cds-ABJ12965.1,PA14_16140,conserved hypothetical protein
gene-PA14_16150,299.11773328545127,87.39390828736111,1.7751087975472015,1.4788709750934583,cds-ABJ12964.1,PA14_16150,putative phage shock protein
gene-PA14_16160,99.30558831997753,21.295022547487164,2.2213585601657666,1.413950147710086,cds-ABJ12963.1,PA14_16160,hypothetical protein
gene-PA14_16280,100.23132460354168,37.326155862711516,1.425074572657502,2.207811706367331,cds-ABJ12954.1,PA14_16280,putative transciptional regulator
gene-PA14_16290,295.8710212001785,123.98934580014576,1.2547522312970474,1.6904422757471762,cds-ABJ12953.1,PA14_16290,conserved hypothetical protein
gene-PA14_16300,25.276120008488544,4.909394774139769,2.364157539990585,3.3381433295235747,cds-ABJ12952.1,PA14_16300,hypothetical protein
gene-PA14_16310,19.638786916405127,8.411852316000974,1.2232102276843664,1.6889871357602184,cds-ABJ12951.1,PA14_16310,putative MFS permease
gene-PA14_16630,1396.9886909114211,5158.226925494514,-1.8845548999473365,4.003505093187138,cds-ABJ12925.1,PA14_16630,putative outer membrane protein%2C OmpA
gene-PA14_16640,843.3509291644204,3214.0224284497467,-1.9301750093516572,3.452420813866894,cds-ABJ12924.1,PA14_16640,putative lipoprotein
gene-PA14_17570,586.1391580775879,277.87201539830335,1.0768226703785964,2.1291868145437713,cds-ABJ12847.1,PA14_17570,putative metallo-beta-lactamase superfamily protein
gene-PA14_17930,236.44688804423296,11.152604246438058,4.406063410343151,1.8127095678523193,cds-ABJ12818.1,glpD,glycerol-3-phosphate dehydrogenase
gene-PA14_17960,120.22327066779003,56.69011486730883,1.0845470542482036,1.4908193925325686,cds-ABJ12816.1,glpK,glycerol kinase
gene-PA14_17980,52.88367882525288,13.751578339082556,1.9432251977527482,2.2095603655615044,cds-ABJ12815.1,glpF,glycerol uptake facilitator protein
gene-PA14_18100,15.119092643452655,5.349743658510646,1.4988296009177249,1.9708869980317023,cds-ABJ12805.1,PA14_18100,hypothetical protein
gene-PA14_18580,2.465132994873077,5.982673568210397,-1.2791242919580041,2.623547895579306,cds-ABJ12775.1,algD,GDP-mannose 6-dehydrogenase AlgD
gene-PA14_18670,337.02212694805786,133.08042553174047,1.3405449182753033,2.26801562852532,cds-ABJ12766.1,bfrB,bacterioferritin
gene-PA14_19350,294.36138205994627,682.5759058818244,-1.2134010719124548,3.694756595500112,cds-ABJ12717.1,PA14_19350,putative peptidase or cellulase
gene-PA14_19360,558.8614541539981,1288.878047591262,-1.2055531834534272,3.53072696802881,cds-ABJ12716.1,PA14_19360,putative acetyltransferase%2C GNAT family
gene-PA14_19370,654.1606431379397,1561.0709089359316,-1.254819199618733,3.2119785632840303,cds-ABJ12715.1,asnB,putative asparagine synthetase%2C glutamine-hydrolyzing
gene-PA14_19650,2.0476202676319244,0.784991932189706,1.3831965726850366,2.3627693026473118,cds-ABJ12691.1,PA14_19650,putative membrane protein
gene-PA14_19870,125.67937476936017,62.002991492072454,1.0193381602189866,1.6270802748237474,cds-ABJ12674.1,ldh,leucine dehydrogenase
gene-PA14_19900,30.653841461378416,14.651236515505149,1.0650453660835086,1.9435557349389618,cds-ABJ12673.1,PA14_19900,putative pyruvate dehydrogenase E1 component%2C alpha subunit
gene-PA14_19910,25.188597422686993,11.342125223219059,1.1510796846160976,1.5638677888483161,cds-ABJ12672.1,pdhB,putative pyruvate dehydrogenase E1 component%2C beta subunit
gene-PA14_19920,15.880654954232696,6.102167095461731,1.3798765804748252,1.4164651802187518,cds-ABJ12671.1,PA14_19920,putative dihydrolipoamide acetyltransferase
gene-PA14_20060,6.5760286995463355,30.599486024216375,-2.2182186331001974,5.312293853893963,cds-ABJ12658.1,PA14_20060,conserved hypothetical protein
gene-PA14_20230,3.808378708057879,1.6256847741031777,1.2281285605829875,1.5530393997295404,cds-ABJ12645.1,nosR,NosR Regulatory protein for N2O reductase
gene-PA14_20460,677.5716677270194,183.76618135993144,1.882502250223404,3.0172691345848937,cds-ABJ12625.1,PA14_20460,hypothetical protein
gene-PA14_20470,1329.2799721810877,461.1593853370487,1.5273076283819225,2.1135600446525262,cds-ABJ12624.1,PA14_20470,hypothetical protein
gene-PA14_20480,1.1269716389312967,274.57084021026986,-7.9285812749176285,3.3226651100342686,cds-ABJ12623.1,PA14_20480,hypothetical protein
gene-PA14_20890,437.7228847237365,150.32774732367105,1.5419064766026536,1.9654658296430723,cds-ABJ12588.1,rfaD,ADP-L-glycero-D-mannoheptose 6-epimerase
gene-PA14_21630,159.40698288957228,77.61020385463165,1.038396563377117,1.7468573814287722,cds-ABJ12528.1,PA14_21630,hypothetical protein
gene-PA14_21670,16.299734941633698,64.23968804979644,-1.9786162728674968,3.258640780650691,cds-ABJ12523.1,PA14_21670,conserved hypothetical protein
gene-PA14_21680,8.229795050259208,26.311274327116905,-1.676752515055016,4.432037726436761,cds-ABJ12524.1,PA14_21680,conserved hypothetical protein
gene-PA14_22400,27.94237555103162,68.01552149227695,-1.2834092854923742,2.850604221371796,cds-ABJ12463.1,PA14_22400,conserved hypothetical protein
gene-PA14_24880,572.6096687062835,1417.7255649705542,-1.3079543525828679,3.005333306372321,cds-ABJ12268.1,PA14_24880,putative lipoprotein
gene-PA14_24970,126.70064651787722,254.7869629931922,-1.0078675635833738,2.13158958224671,cds-ABJ12260.1,yegS,putative diacylglycerol kinase
gene-PA14_25630,138.9000078137758,338.91435369448885,-1.2868740484252956,2.6504949118036385,cds-ABJ12208.1,rpmF,50S ribosomal protein L32
gene-PA14_25670,1457.5231994469314,4520.333761674698,-1.6329104507133398,2.5556276576760397,cds-ABJ12204.1,acpP,acyl carrier protein
gene-PA14_27520,103.25050514494399,45.4703373547703,1.1831511974512907,1.3481229671460375,cds-ABJ12066.1,gpo,putative glutathione peroxidase
gene-PA14_27530,110.57891812779535,46.92468590100475,1.2366573392331488,1.5368121700507607,cds-ABJ12065.1,PA14_27530,putative transcriptional regulator%2C MarR family
gene-PA14_27610,2.6056851894098565,7.467093288544866,-1.5188833623290015,3.027222697553109,,,
gene-PA14_27620,1.7285809476721663,3.517300054336559,-1.0248795419940016,2.047345971386302,,,
gene-PA14_27700,2.9926527168052086,1.0327823694872833,1.5348870694470955,2.4977884951837117,cds-ABJ12053.1,PA14_27700,putative transcriptional regulator
gene-PA14_28370,18.443951532533593,7.964763053669106,1.2114442600572441,1.3621522814808453,cds-ABJ11995.1,PA14_28370,hypothetical protein
gene-PA14_28450,198.54480169425224,476.73932354474505,-1.26373603437934,3.371928971861866,cds-ABJ11987.1,eco,ecotin precursor
gene-PA14_28500,209.4797037723334,102.6785057826698,1.0286762513189829,1.5422739053678927,cds-ABJ11983.1,PA14_28500,conserved hypothetical protein
gene-PA14_29070,12.107562043368512,5.4365897821447,1.1551342735641337,2.3658471912090056,cds-ABJ11933.1,PA14_29070,putative membrane protein
gene-PA14_29660,35.12129472667957,15.007746991055823,1.2266385269063327,2.458792227217125,cds-ABJ11885.1,PA14_29660,putative membraine protein
gene-PA14_30040,10.690820438181424,3.7290202841304954,1.5195036037107563,2.6388865787980533,cds-ABJ11858.1,PA14_30040,putative phosphatase
gene-PA14_30960,4.089851976695377,1.5643383344312296,1.3864951087701132,1.32004774612166,cds-ABJ11782.1,traG,TraG-like protein
gene-PA14_31300,9.743121278711962,21.759958073601013,-1.159219711530231,3.0330038080429635,cds-ABJ11752.1,PA14_31300,hypothetical protein
gene-PA14_31330,19.147127706384804,7.095989731731755,1.432051947040847,1.9661480551902366,cds-ABJ11750.1,PA14_31330,putative EAL domain
gene-PA14_31430,2.6091685129941706,8.798442512961715,-1.7536573914447182,3.2873598351341093,cds-ABJ11741.1,PA14_31430,hypothetical protein
gene-PA14_33260,2.8124112693192647,13.608373623538434,-2.274614493223137,1.4771748190559373,cds-ABJ11609.1,pvdS,sigma factor PvdS
gene-PA14_33450,12.743823804396392,50.943999881214616,-1.9991138708124414,2.807568988224466,cds-ABJ11592.1,treA,periplasmic trehalase precursor
gene-PA14_33460,7.635605227886946,16.865999510345436,-1.143303225177602,2.0919769234137022,cds-ABJ11591.1,PA14_33460,putative membrane protein
gene-PA14_33480,46.86817154994619,106.80156613559569,-1.188252356345568,2.8500051074900443,cds-ABJ11590.1,sndH,L-sorbosone dehydrogenase
gene-PA14_33910,1.3026494936577457,4.885504006389341,-1.907057103667083,2.7546927737394378,cds-ABJ11554.1,PA14_33910,putative ABC-type transport protein%2C periplasmic component
gene-PA14_33960,26.169187385058496,11.59326942039121,1.174581532125262,1.9566238769111346,cds-ABJ11550.1,PA14_33960,conserved hypothetical protein
gene-PA14_33970,35.59732222940138,14.764146172307752,1.2696706986957662,2.2234906978667,cds-ABJ11549.1,PA14_33970,hypothetical protein
gene-PA14_33980,12.56582036080673,5.127381275555101,1.293210496818214,1.7572186344482303,cds-ABJ11548.1,PA14_33980,hypothetical protein
gene-PA14_33990,34.277904850168234,13.147647639967508,1.3824741209605316,2.523185010634573,cds-ABJ11547.1,PA14_33990,probable ClpA/B-type protease
gene-PA14_34000,13.076973006665865,4.515764118411951,1.5339862494561949,2.9840664511016883,cds-ABJ11546.1,PA14_34000,conserved hypothetical protein
gene-PA14_34010,32.56255570199411,10.564578779242401,1.6239785350089373,2.841649481190715,cds-ABJ11545.1,PA14_34010,conserved hypothetical protein
gene-PA14_34020,15.845746542760622,4.250046229587361,1.898544778311607,2.1681620715831853,cds-ABJ11544.1,PA14_34020,conserved hypothetical protein
gene-PA14_34030,36.63002038015903,13.767969192967433,1.411710620493181,3.5123396821164348,cds-ABJ11543.1,PA14_34030,conserved hypothetical protein
gene-PA14_34050,100.35548731745905,35.60640411119431,1.4949108096823145,3.09006001440831,cds-ABJ11542.1,PA14_34050,conserved hypothetical protein
gene-PA14_34070,41.0411258640899,16.178258073781915,1.3430139384051911,2.586355134190931,cds-ABJ11541.1,PA14_34070,conserved hypothetical protein
gene-PA14_34130,79.78399720471704,37.81794546467007,1.0770283831931444,3.3406509042383163,cds-ABJ11537.1,PA14_34130,conserved hypothetical protein
gene-PA14_34140,46.75588182520716,23.19377430510991,1.0114102055153873,2.6527779976420867,cds-ABJ11536.1,PA14_34140,conserved hypothetical protein
gene-PA14_34300,1.0068936103660293,0.4355563233412512,1.2089769288460095,2.1571953241740327,cds-ABJ11523.1,PA14_34300,putative monooxygenase%2C DszC family
gene-PA14_36350,1.8874856104746254,4.403250842209561,-1.2221026603072263,1.9817989804058753,cds-ABJ11361.1,PA14_36350,conserved hypothetical protein
gene-PA14_36360,1.0750029026669654,4.086953633231874,-1.9266836738055209,2.070182983410098,cds-ABJ11360.1,PA14_36360,putative small intergral membrane protein
gene-PA14_36370,3.8142695208379194,15.383903782377288,-2.0119424760041267,3.801880451396396,cds-ABJ11359.1,PA14_36370,putative ligase
gene-PA14_36375,17.291473515392067,114.0996704558432,-2.7221617864842105,4.645485743560662,cds-ABJ15684.1,PA14_36375,hypothetical protein
gene-PA14_36390,12.586884203414044,59.01087671188041,-2.2290595441405134,4.080400606054232,cds-ABJ11358.1,PA14_36390,putative methylase
gene-PA14_36410,2.5023650895416787,10.26130004952667,-2.0358486020666695,2.3293036991594356,cds-ABJ11356.1,PA14_36410,conserved hypothetical protein
gene-PA14_36480,3.4823108547900095,12.101228830413001,-1.7970361647642372,4.327902843666797,cds-ABJ11351.1,PA14_36480,hypothetical protein
gene-PA14_36490,5.48284596052179,28.938121367784067,-2.399974064464203,2.9245771857426877,cds-ABJ11350.1,PA14_36490,hypothetical protein
gene-PA14_36500,17.60822000965896,78.38480532861551,-2.154324836819339,2.827023580146853,cds-ABJ11349.1,PA14_36500,putative cellulase
gene-PA14_36520,22.326699225236386,145.79881201758295,-2.7071369890885375,4.415098989170716,cds-ABJ11348.1,PA14_36520,conserved hypothetical protein
gene-PA14_36530,9.06299758670581,50.87126189801523,-2.4887904581475824,3.5202773350924237,cds-ABJ11347.1,PA14_36530,conserved hypothetical protein
gene-PA14_36570,57.89130957686114,262.10360453484395,-2.1787184641977,4.519392875996999,cds-ABJ11343.1,glgA,glycogen synthase
gene-PA14_36580,59.03259659361701,250.51884062715408,-2.0853353700054047,3.986409649792649,cds-ABJ11342.1,glgB,putative glycosyl hydrolase
gene-PA14_36590,55.67457389745156,220.66301318802388,-1.9867542812256833,3.0971347075580313,cds-ABJ11341.1,malQ,putative 4-alpha-glucanotransferase
gene-PA14_36605,61.17397452787214,286.35451688015354,-2.2268124120297155,3.441482559024929,cds-ABJ15692.1,PA14_36605,probable glycosyl hydrolase
gene-PA14_36620,5.648640159456607,25.067030028224092,-2.14981524123392,2.8821047455691744,cds-ABJ11340.1,PA14_36620,conserved hypothetical protein
gene-PA14_36630,86.8810220536319,446.6589827359616,-2.3620607739517667,3.8037667213382598,cds-ABJ11339.1,glgX,putative glycosyl hydrolase
gene-PA14_36650,15.330737575146179,79.81287255315922,-2.3801942145116404,3.13819896996136,cds-ABJ11338.1,PA14_36650,conserved hypothetical protein
gene-PA14_36660,20.635374203723696,101.28504800159313,-2.2952296165952806,3.279338523511831,cds-ABJ11337.1,PA14_36660,putative Zn-dependent alcohol dehydrogenase
gene-PA14_36670,8.406608982826143,30.954386086862417,-1.88054776308285,3.645384667501868,cds-ABJ11336.1,PA14_36670,conserved hypothetical protein
gene-PA14_36680,2.3391256290627793,9.892029676274289,-2.0802964360990877,2.8664528275499426,cds-ABJ11335.1,PA14_36680,putative metal-dependent hydrolase
gene-PA14_36690,5.675268123406016,22.00326667771534,-1.9549569547439378,3.1201296899399047,cds-ABJ11334.1,ybhO,putative phospholipase
gene-PA14_36700,2.596488019303791,8.080117799412001,-1.6378141296124409,3.337925517632221,cds-ABJ11333.1,PA14_36700,putative membrane protein
gene-PA14_36710,41.79273572223277,206.0054700140021,-2.301358494997338,3.9507771466030523,cds-ABJ11332.1,glgB,1%2C4-alpha-glucan branching enzyme
gene-PA14_36730,69.60979617821049,275.27660704981014,-1.983519733654015,3.7002107874659633,cds-ABJ11331.1,PA14_36730,putative trehalose synthase
gene-PA14_36740,56.779249016663954,216.37609519702255,-1.9301054179844463,3.8303246105728443,cds-ABJ11330.1,PA14_36740,putative alpha-amylase family protein
gene-PA14_36760,10.245027185816602,43.00071642060099,-2.069436705026244,3.426038665242397,cds-ABJ11329.1,PA14_36760,putative KU domain protein
gene-PA14_36770,1.2290151215320517,5.510005526089866,-2.1645495806448127,2.317958067497682,cds-ABJ11328.1,PA14_36770,hypothetical protein
gene-PA14_36780,8.515827577306013,39.48484073650809,-2.213080005471835,4.007422472831651,cds-ABJ11327.1,PA14_36780,putative Mg(2+) transporter
gene-PA14_36790,4.395594618045803,32.07284591670844,-2.867221656801563,4.740223120909101,cds-ABJ11326.1,PA14_36790,hypothetical protein
gene-PA14_36810,67.65461935426731,602.0352760280113,-3.153587644416043,4.533655861343931,cds-ABJ11325.1,katE,catalase HPII
gene-PA14_36820,13.278828562497615,130.41576927336794,-3.2959183765492677,3.4583890537956354,cds-ABJ11324.1,PA14_36820,conserved hypothetical protein
gene-PA14_36840,102.54947711560827,342.09118240812535,-1.7380607661580334,3.5147743900168344,cds-ABJ11322.1,glgP,glycogen phosphorylase
gene-PA14_36850,17.572257467914877,69.6568249235021,-1.9869650687104086,3.566793668044574,cds-ABJ11321.1,PA14_36850,hypothetical protein
gene-PA14_36870,9.86104104397353,23.47861615974469,-1.251535369460852,2.3734669583192822,cds-ABJ11319.1,PA14_36870,putative short-chain dehydrogenase
gene-PA14_36880,4.280363181630917,8.578725497259164,-1.0030298356435434,1.6503724388218672,cds-ABJ11318.1,PA14_36880,putative ompetence-damaged protein
gene-PA14_36960,10.097264185364834,33.575540724047556,-1.7334460143609218,2.894788535787188,cds-ABJ11311.1,PA14_36960,putative Na+/H+ antiporter
gene-PA14_36980,14.715013216513524,83.6465570596442,-2.507017186738477,4.275197343582291,cds-ABJ11310.1,PA14_36980,putative outer membrane protein
gene-PA14_37070,115.20188515118879,53.79024597167298,1.0987478100705996,2.4852237063471097,cds-ABJ11303.1,PA14_37070,putative phosphoadenosine phosphosulfate sulfotransferase
gene-PA14_37340,10.875786965715116,41.223215686939064,-1.9223370892113703,3.795404406947,cds-ABJ11284.1,PA14_37340,glyoxylate carboligase
gene-PA14_37350,1.4240454560544327,4.753797907812874,-1.7390841931340895,1.7361354174171573,cds-ABJ11283.1,PA14_37350,conserved hypothetical protein
gene-PA14_38350,329.1682547936007,938.9684521291065,-1.5122514736629646,3.549808325115983,cds-ABJ11209.1,galU,UTP-glucose-1-phosphate uridylyltransferase
gene-PA14_38360,15.707799674562551,43.42396534444586,-1.4670102726898413,2.199972339466431,cds-ABJ11208.1,ugd,putative UDP-glucose 6-dehydrogenas
gene-PA14_38370,6.562339109009383,14.232142769392794,-1.1168706386829852,1.7089474195741834,cds-ABJ11207.1,PA14_38370,conserved hypothetical protein
gene-PA14_39060,3.580320278251579,0.42105785773208826,3.0879932221767215,1.301329580154828,cds-ABJ11157.1,PA14_39060,putative lipoprotein
gene-PA14_39080,4.085011677762309,8.423934045179285,-1.0441536354074303,2.8535861344173314,cds-ABJ11155.1,PA14_39080,hypothetical protein
gene-PA14_39520,56.90109023686537,213.17472678257545,-1.905508176378609,3.7075218748887853,cds-ABJ11123.1,PA14_39520,putative hydroxylase large subunit
gene-PA14_39530,14.704730154704153,58.473466375742,-1.9915016865350432,3.6531187814398662,cds-ABJ11122.1,PA14_39530,putative hydroxylase molybdopterin-containing subunit
gene-PA14_39540,10.67891436965319,35.07975680446174,-1.7158736011569804,4.089189495617465,cds-ABJ11121.1,PA14_39540,putative ferredoxin
gene-PA14_39660,9.372935712377382,32.93691841867755,-1.8131325066986326,5.3412330231682805,cds-ABJ11111.1,PA14_39660,conserved hypothetical protein
gene-PA14_39780,125.14440920044865,54.33968101791714,1.2035158135021677,2.0407576476087756,cds-ABJ11102.1,hvn,putative halovibrin
gene-PA14_40080,27.98261207674746,73.38993025243799,-1.391051433801653,2.79488807066204,cds-ABJ11079.1,PA14_40080,hypothetical protein
gene-PA14_40160,2.43502299551729,1.0834647666915183,1.1682819269959777,1.408373383076096,cds-ABJ11073.1,nuoA,putative NADH-ubiquinone/plastoquinone oxidoreductase
gene-PA14_40170,7.984686822791748,2.9489769189810993,1.4370207785091131,1.6819200472451208,cds-ABJ11072.1,sugE,putative transporter
gene-PA14_40540,1.0577053830348497,0.48255761627071925,1.1321620108527017,1.7398864622399997,cds-ABJ11042.1,PA14_40540,putative CBS-domain-containing membrane protein
gene-PA14_41300,4.946437488852499,10.533842872338989,-1.0905698372644854,2.697753713105109,cds-ABJ10981.1,PA14_41300,hypothetical protein
gene-PA14_41990,1.893745757764657,0.5807476350367345,1.7052565096948258,1.4359834719760576,cds-ABJ10930.1,PA14_41990,hypothetical protein
gene-PA14_42510,0.18293518311761492,0.4364135698207139,-1.254355765350907,2.6376079448163443,cds-ABJ10888.1,pcr4,conserved hypothetical protein
gene-PA14_43200,62.61836184768526,29.710117713021067,1.0756314030685383,2.246370241996679,cds-ABJ10828.1,PA14_43200,putative sulfate transporter
gene-PA14_43740,59.65437043047829,135.63579569319634,-1.1850382059464877,2.1163678261421444,cds-ABJ10785.1,PA14_43740,putative 5-oxo-L-prolinase
gene-PA14_43760,41.579719624398386,18.489679081360666,1.169159773237782,1.7366223720249883,cds-ABJ10786.1,PA14_43760,conserved hypothetical protein
gene-PA14_43900,213.25870945385103,960.7672322634907,-2.1715822766509763,4.195705037009106,cds-ABJ10773.1,PA14_43900,conserved hypothetical protein
gene-PA14_44520,18.075795351747967,1.4841745666824615,3.6063249478460264,1.6451450350200303,cds-ABJ10721.1,ydgF,putative drug efflux transporter
gene-PA14_44530,6.43197239610662,1.5724349150214607,2.0322597572673993,1.692392245645187,cds-ABJ10720.1,ygdE,putative membrane transporter of cations and cationic drugs
gene-PA14_45970,512.5127126634251,214.15663078738513,1.2589214368643153,1.6587957193366532,cds-ABJ10610.1,PA14_45970,putative cation-transporting P-type ATPase
gene-PA14_46160,75.27775589174996,34.59011121544601,1.1218639306030476,1.9379300812770726,cds-ABJ10596.1,PA14_46160,conserved hypothetical protein
gene-PA14_46280,10.478442043380099,30.425980407023,-1.5378793709922867,2.5467471805999606,cds-ABJ10586.1,PA14_46280,hypothetical protein
gene-PA14_46560,1.1470049818846706,0.4997090090633048,1.1987088113984832,2.5160429469458525,cds-ABJ10561.1,PA14_46560,possible outer membrane protein
gene-PA14_47120,567.8320731024074,1971.8363585227007,-1.7960035804651946,4.185455125970973,cds-ABJ10512.1,PA14_47120,hypothetical protein
gene-PA14_47130,236.04357034142913,749.6526860761845,-1.6671691576364596,4.732434156820845,cds-ABJ10511.1,PA14_47130,conserved hypothetical protein
gene-PA14_47640,22.360856525984843,9.256021885951734,1.2725111183144573,2.375789814257889,cds-ABJ10470.1,PA14_47640,putative major facilitator superfamily (MFS) transporter
gene-PA14_48170,81.96589935588013,175.71308142263493,-1.100125856221052,1.936342926498638,cds-ABJ10431.1,PA14_48170,conserved hypothetical protein
gene-PA14_48830,116.32289087837135,50.36292203499756,1.2077011067555703,2.895040469239476,cds-ABJ10380.1,PA14_48830,putative transcriptional regulator
gene-PA14_48860,57.63911611208209,122.5206320783529,-1.0879045755311507,3.0399798931325455,cds-ABJ10377.1,PA14_48860,conserved hypothetical protein
gene-PA14_48920,0.24718696592171177,0.5672992358250212,-1.1985017643761346,1.3101998395825818,cds-ABJ10371.1,PA14_48920,conserved hypothetical protein
gene-PA14_49410,354.88771405701965,884.4772298589278,-1.3174623680824915,2.3690467689667423,cds-ABJ10327.1,PA14_49410,probable cold-shock protein
gene-PA14_50020,9.859671836699803,25.43911220145071,-1.3674366389982768,1.9980761220972698,cds-ABJ10276.1,PA14_50020,hypothetical protein
gene-PA14_51490,15.587832430096014,31.59255299436512,-1.0191641202508481,2.4415725880711325,cds-ABJ10154.1,PA14_51490,conserved hypothetical protein
gene-PA14_52230,13.355337554247518,30.17654115249658,-1.1760109124341571,2.357677625677453,cds-ABJ10090.1,pirA,siderophore receptor protein
gene-PA14_52480,14.629150773281486,72.74491033960996,-2.3140001579473624,3.6948715071224094,cds-ABJ10071.1,PA14_52480,hypothetical protein
gene-PA14_52490,11.15495899403262,55.274158727456005,-2.3089197803005783,4.041865425969492,cds-ABJ10070.1,PA14_52490,hypothetical protein
gene-PA14_52500,4.084437580532945,27.88256883764855,-2.771153640956941,4.290542552494197,cds-ABJ10069.1,PA14_52500,hypothetical protein
gene-PA14_52510,2.574579096258064,16.960925104326098,-2.7198055714931435,3.75816608473805,cds-ABJ10068.1,PA14_52510,hypothetical protein
gene-PA14_52890,1.082155840613119,0.362969473366109,1.5759837531256897,2.7156364661467354,cds-ABJ10040.1,PA14_52890,probable ring-cleaving dioxygenase
gene-PA14_53220,217.36835231692234,453.3518042178557,-1.0604891138385104,3.3446624692363347,cds-ABJ10013.1,fumC2,fumarate hydratase
gene-PA14_53230,93.61197384148515,190.94599239805152,-1.0283996468778667,3.782666349159983,cds-ABJ10012.1,PA14_53230,probable oxidoreductase
gene-PA14_53680,1.4449370833695898,7.172636956338252,-2.311495607779661,3.051651154325531,cds-ABJ09973.1,PA14_53680,hypothetical protein
gene-PA14_53700,9.45709427375688,20.88081132560102,-1.142708746538678,2.670949921937225,cds-ABJ09971.1,PA14_53700,probable ring-cleaving dioxygenase
gene-PA14_53820,104.36811111239712,237.36623631638588,-1.185433748748352,2.2876815369524084,cds-ABJ09961.1,PA14_53820,hypothetical protein
gene-PA14_53890,1.5013951938925547,3.8484482371874633,-1.3579720970280857,1.9203765857282007,cds-ABJ09954.1,PA14_53890,hypothetical protein
gene-PA14_54030,2.2387100045834205,1.1132334790833662,1.0079103716295852,2.527051274942974,cds-ABJ09944.1,PA14_54030,hypothetical protein
gene-PA14_54080,35.429482610565124,15.541874695438159,1.188789775333085,2.0274429568086525,cds-ABJ09940.1,PA14_54080,conserved hypothetical protein
gene-PA14_55790,15.208853079513645,5.816090501855702,1.3867894827215232,2.083216037977584,cds-ABJ13564.1,PA14_55790,putative pilus assembly protein
gene-PA14_55880,10.65628811828856,5.211692975159644,1.0318807580144806,2.7120331849341253,cds-ABJ13571.1,PA14_55880,putative pilus assembly protein
gene-PA14_56220,352.30555802737575,158.3387781137842,1.1538126034491256,1.5109152972027409,cds-ABJ13598.1,PA14_56220,putative universal stress protein
gene-PA14_56570,3.0326029960851044,1.155430968717395,1.3921242888840373,1.320864620445282,cds-ABJ13621.1,PA14_56570,putative acyltransferase
gene-PA14_56590,2084.448397817118,1015.5344392082949,1.0374264905963455,1.311206400646785,cds-ABJ13622.1,PA14_56590,putative universal stress protein
gene-PA14_56620,62.97365059645717,6.982130585886735,3.1730087524208925,1.3526585148955372,cds-ABJ13624.1,PA14_56620,putative transcriptional regulator
gene-PA14_56750,2.9160845689085395,0.7244306078755725,2.009110659468695,2.0663235827493778,cds-ABJ13634.1,PA14_56750,conserved hypothetical protein
gene-PA14_56770,3.0446592064089386,1.106419285859875,1.460381162545387,1.7796448044291697,cds-ABJ13635.1,PA14_56770,putative permease
gene-PA14_57060,63.15126958139285,139.26353633417065,-1.1409338996137781,2.21708822722857,cds-ABJ13661.1,PA14_57060,conserved hypothetical protein
gene-PA14_57110,116.16697857723385,237.07263722284696,-1.0291291178714772,3.1652217568676355,cds-ABJ13665.1,PA14_57110,putative mechanosensitive ion channel family protein
gene-PA14_59220,77.54038848643872,254.81043949360233,-1.7164044956664692,2.4331586651562525,cds-ABJ13839.1,PA14_59220,pyocin S5
gene-PA14_59560,2.1511470890866,0.7599063342969585,1.5012106221403483,1.805857536218874,cds-ABJ13867.1,PA14_59560,putative transposase
gene-PA14_59570,1.1533430113365648,0.4749673643128003,1.279918376045795,1.379868455886896,cds-ABJ13868.1,PA14_59570,putative transposase
gene-PA14_59780,226.6526200850349,91.49878221544223,1.3086583757178598,1.5789888095406208,cds-ABJ13887.1,rcsC,putative kinase sensor protein
gene-PA14_59790,402.63888149200875,169.2953177465771,1.2499444142860558,1.7914683961587774,cds-ABJ13888.1,pvrR,two component response regulator
gene-PA14_59850,4.480743650693182,1.0340385899870126,2.1154463757297695,1.4033281201526782,cds-ABJ13893.1,PA14_59850,hypothetical protein
gene-PA14_59860,1.3925363936603044,0.3891163799221193,1.8394369668922292,2.405180170019591,cds-ABJ13894.1,PA14_59860,putative candidate type III effector Hop protein
gene-PA14_59870,0.4992506959379548,0.23654097037099664,1.0776690057337066,3.033333191975157,cds-ABJ13895.1,PA14_59870,conserved hypothetical protein
gene-PA14_60560,312.7432192665097,129.6517243750021,1.2703371998886266,1.775565942106261,cds-ABJ13955.1,PA14_60560,conserved hypothetical protein
gene-PA14_60620,40.381104143375495,8.049864146192371,2.3266437791355212,1.4029821796750117,,,
gene-PA14_60630,440.3945449783282,6.172783150284072,6.156731294476197,1.3175489118641008,cds-ABJ13960.1,PA14_60630,putative stomatin/prohibitin
gene-PA14_60810,37.70048986201065,10.957615549113484,1.7826492214870717,2.544744336850167,cds-ABJ13974.1,nfxB,putative transcriptional regulator NfxB
gene-PA14_60850,65.58972304647087,28.406800598401304,1.2072333825300894,1.594155908387587,cds-ABJ13977.1,mexC,multidrug efflux RND membrane fusion protein
gene-PA14_61180,7.993906066394371,1.7959943137617522,2.1541168007825604,1.5221750500979885,cds-ABJ14002.1,PA14_61180,conserved hypothetical protein
gene-PA14_62250,19.501947812534116,8.951026383910703,1.1234930533125682,2.0350782006142314,cds-ABJ14085.1,PA14_62250,conserved hypothetical protein
gene-PA14_62350,18.407048188606467,40.44759882004121,-1.135795698015713,1.3177234515483254,cds-ABJ14092.1,phuR,putative haem/haemoglobin uptake outer membrane receptor PhuR precursor
gene-PA14_62490,201.76628898537373,426.3309407483723,-1.079288605894742,3.001216848995543,cds-ABJ14105.1,dksA,suppressor protein DksA
gene-PA14_63080,19.421891235577352,4.0446487889858,2.2635968829837263,1.9013797741308862,cds-ABJ14153.1,lldP,L-lactate permease
gene-PA14_64060,11.375887948003665,4.526443680706384,1.3295289309112448,2.5031160544064344,cds-ABJ14228.1,ctpL,putative chemotaxis transducer
gene-PA14_64480,306.83658890027795,1157.0471044278913,-1.914905160113506,3.660486749246859,cds-ABJ14261.1,osmE,osmotically inducible lipoprotein OsmE
gene-PA14_64490,39.24352559649632,112.16368093198037,-1.51507899841448,3.2357828545521743,cds-ABJ14262.1,PA14_64490,conserved hypothetical protein
gene-PA14_64520,415.4599138307244,1164.2584040193076,-1.486630103759812,3.1394699355929383,cds-ABJ14265.1,PA14_64520,putative bacterioferritin
gene-PA14_66460,978.9099006916932,433.39481713398055,1.175494175862728,1.6324895307417335,cds-ABJ14411.1,PA14_66460,putative universal stress protein
gene-PA14_66510,19.507545606938663,9.086020982221056,1.1023115895491848,2.0680636678111908,cds-ABJ14414.1,ynfM,putative MFS transporter
gene-PA14_66710,168.6039697610728,415.77516037307777,-1.3021650567010272,4.301256027092834,cds-ABJ14433.1,rpmE,50S ribosomal protein L31
gene-PA14_68300,2794.405224903339,1163.0770164950097,1.2645946119721498,1.9349141515742228,cds-ABJ14553.1,arcD,arginine/ornithine antiporter
gene-PA14_68400,1459.3782429822452,3515.415931529086,-1.268341542252561,2.246312863548772,cds-ABJ14561.1,ygaU,putative LysM domain protein
gene-PA14_68780,52.143718204891194,26.014582469047586,1.0031728619074298,1.6580673547106126,cds-ABJ14591.1,PA14_68780,probable phosphate transporter
gene-PA14_68840,179.3675969792724,504.309233083602,-1.4913893415021346,3.377930447846322,cds-ABJ14596.1,PA14_68840,conserved hypothetical protein
gene-PA14_69925,101.3715576611577,249.28065233840903,-1.298117975065361,2.8598425713314826,cds-ABJ15646.1,poxB,pyruvate dehydrogenase (cytochrome)
gene-PA14_70650,5.889479910173702,2.621042511322379,1.167998975853684,1.49149925216306,cds-ABJ14735.1,glcG,putative GlcG protein
gene-PA14_70690,178.32279653284908,87.79319759962503,1.0223100667671876,2.2381513846544148,cds-ABJ14738.1,glcD,glycolate oxidase subunit GlcD
gene-PA14_71590,168.1433212267102,374.43071070665775,-1.1550072862430867,2.2840858223947746,cds-ABJ14808.1,PA14_71590,putative membrane protein
gene-PA14_71760,16.74845407219471,5.910614936173672,1.502647533755677,1.7270265355478538,cds-ABJ14822.1,PA14_71760,hypothetical protein
gene-PA14_72060,10.040083123994838,3.3711200666010352,1.5744708236730192,1.5521247824180278,cds-ABJ14846.1,PA14_72060,conserved hypothetical protein
gene-PA14_72210,20.59655168809356,8.414620745140626,1.2914324956498633,3.2441024086640935,cds-ABJ14857.1,PA14_72210,conserved hypothetical protein
